Name, Class, Time of Death, Cause of Death,Parent, Age, Max Age, Max Size, Max Speed, Jitters, Max Rotation, Slow On Eat, Antenna Length, Antenna Spread, # Bugs, # PLants 
3, 527, 500, starve, 0, 500.0, 8000.0, 37.22636, 2.9533706, 11659.063, 156.1997, 0.14587413, 2.205762, 0.8770489, 4, 6
2, 456, 500, starve, 0, 500.0, 8000.0, 36.08824, 4.866515, 14877.645, 179.2442, 0.15969615, 0.7640139, 0.9245123, 3, 6
1, 615, 500, starve, 0, 500.0, 8000.0, 20.507792, 0.54364896, 18515.17, 127.43426, 0.11646278, 2.676474, 0.5283043, 2, 6
0, 529, 500, starve, 0, 500.0, 8000.0, 33.441708, 4.7294197, 7287.1704, 339.38144, 0.12775126, 2.7609942, 0.87129545, 1, 6
4, 622, 1000, starve, 0, 500.0, 8000.0, 31.729836, 4.0598583, 15551.63, 330.15494, 0.13767809, 2.7470353, 0.23513603, 4, 19
5, 450, 1001, starve, 0, 500.0, 8000.0, 37.305367, 1.4683324, 4353.558, 36.316296, 0.15118685, 1.9421378, 0.9313181, 4, 19
7, 418, 1003, starve, 0, 500.0, 8000.0, 15.23254, 0.8885139, 1506.6423, 173.90765, 0.18230084, 0.7407816, 0.8342049, 4, 19
8, 558, 1500, starve, 0, 500.0, 8000.0, 19.440617, 3.9858186, 10829.247, 352.8425, 0.15170746, 1.0311936, 0.7694859, 4, 38
9, 546, 1501, starve, 0, 500.0, 8000.0, 15.627859, 1.0029831, 9346.405, 302.27243, 0.14939886, 1.1491269, 0.93913347, 4, 38
10, 455, 1503, starve, 0, 500.0, 8000.0, 17.17374, 2.5614433, 8190.264, 196.5326, 0.18426523, 2.010476, 0.76851034, 4, 38
6, 448, 1712, starve, 0, 1210.0, 8000.0, 34.52274, 3.537483, 19210.566, 170.52599, 0.17215568, 2.7648294, 0.17582068, 7, 50
13, 480, 2003, starve, 0, 500.0, 8000.0, 15.705152, 3.005529, 4528.549, 113.18783, 0.17969197, 1.6255687, 0.9391735, 19, 59
15, 540, 2406, starve, 12, 780.0, 8076.262, 24.48217, 1.0854285, 11032.674, 14.759117, 0.1570767, 0.74957645, 0.8399105, 35, 85
46, 614, 2461, murder, 23, 63.0, 7965.353, 24.746105, 4.8700385, 17119.7, 317.0441, 0.108454645, 2.2546713, 0.5298147, 34, 86
43, 618, 2469, murder, 12, 71.0, 8066.3306, 24.42936, 4.961767, 13572.735, 314.65695, 0.109593846, 2.2626176, 0.5353219, 33, 86
27, 508, 2469, murder, 14, 537.0, 8006.202, 24.895742, 1.0840987, 4474.1113, 14.774605, 0.10714576, 0.7613269, 0.8420707, 32, 86
61, 476, 2670, murder, 47, 61.0, 7944.7427, 24.399803, 1.0908815, 12997.27, 323.80096, 0.10893525, 2.242412, 0.82454026, 53, 94
60, 479, 2696, murder, 47, 87.0, 7925.654, 24.48418, 1.0977255, 8986.029, 319.19925, 0.10978148, 0.75461364, 0.83730596, 55, 98
31, 529, 2742, starve, 28, 604.0, 8023.28, 24.82307, 1.0788925, 8360.949, 323.62497, 0.15651123, 0.7608293, 0.8357412, 58, 94
19, 516, 2810, starve, 14, 1075.0, 8066.4097, 25.074427, 1.0934888, 7104.8955, 14.811844, 0.107745916, 0.75826377, 0.8450439, 61, 105
39, 523, 2978, starve, 28, 713.0, 8092.9272, 24.820288, 1.0830175, 7819.987, 322.56018, 0.1087569, 2.23079, 0.8276947, 95, 102
71, 509, 2996, murder, 18, 301.0, 7820.3745, 24.53093, 4.957552, 1578.0254, 14.836747, 0.10797809, 2.2884774, 0.8445513, 102, 113
37, 512, 3134, murder, 28, 869.0, 7885.0005, 24.600563, 1.0786886, 4437.7324, 319.99316, 0.10903131, 0.76073176, 0.82658416, 148, 93
108, 503, 3138, murder, 71, 241.0, 7835.0615, 24.542871, 4.947036, 8242.729, 14.639621, 0.107926995, 2.2997682, 0.85113764, 147, 93
73, 567, 3180, starve, 16, 483.0, 8032.2935, 24.672123, 1.0973954, 5927.5107, 318.9769, 0.15746252, 0.7533182, 0.83422405, 160, 85
166, 634, 3182, murder, 125, 75.0, 8195.453, 24.680218, 1.1196162, 6399.859, 318.69516, 0.10832501, 2.2331877, 0.543366, 159, 84
85, 516, 3182, murder, 59, 361.0, 7954.0503, 24.548967, 1.102715, 5163.446, 323.58932, 0.108425274, 2.2670908, 0.8273646, 158, 84
142, 496, 3188, murder, 62, 131.0, 7839.22, 24.657537, 4.9711556, 14296.037, 317.29272, 0.108864196, 0.751617, 0.54348546, 159, 84
179, 514, 3232, murder, 67, 66.0, 8009.284, 24.500061, 1.0811805, 8436.337, 323.7693, 0.16062641, 0.7469894, 0.8389005, 177, 70
205, 623, 3245, murder, 45, 0.0, 7746.435, 24.088322, 4.9578304, 13901.62, 330.6987, 0.107340045, 2.2445126, 0.5447755, 182, 74
58, 516, 3245, murder, 50, 648.0, 8065.296, 24.71772, 1.0948722, 2057.54, 319.08252, 0.10951516, 0.7623989, 0.8388727, 181, 74
196, 515, 3285, murder, 49, 82.0, 8099.876, 24.578592, 1.0893432, 3129.1663, 322.22125, 0.10978026, 0.763762, 0.8273179, 191, 63
209, 504, 3295, murder, 70, 50.0, 7850.847, 24.426119, 4.919902, 15960.902, 14.611008, 0.1084662, 2.2799149, 0.8307738, 190, 82
52, 577, 3343, starve, 21, 801.0, 8084.049, 24.15781, 1.0788958, 18860.049, 322.8257, 0.109776124, 0.7451738, 0.8307912, 205, 55
159, 518, 3357, murder, 18, 267.0, 8043.3022, 24.710829, 1.0919667, 17047.941, 14.949632, 0.10754438, 2.2870378, 0.8332811, 211, 64
195, 506, 3387, murder, 114, 189.0, 7808.553, 24.681494, 1.1119502, 9412.552, 326.6158, 0.1602184, 0.76379305, 0.54008996, 215, 47
66, 582, 3397, starve, 12, 750.0, 7931.2046, 24.403101, 4.888768, 12513.781, 316.86032, 0.108375505, 2.2256444, 0.5319037, 225, 42
83, 521, 3408, starve, 47, 587.0, 7931.48, 24.48944, 1.103237, 12070.49, 323.427, 0.15845625, 2.2745938, 0.8528259, 228, 42
32, 503, 3411, murder, 28, 1273.0, 7926.517, 24.932732, 1.0942734, 13782.453, 322.10602, 0.108329915, 0.7557834, 0.8338934, 227, 42
220, 514, 3445, murder, 139, 177.0, 7895.226, 24.266882, 1.1019934, 9018.195, 313.94464, 0.10789773, 2.262535, 0.8494922, 234, 33
125, 622, 3452, murder, 26, 447.0, 8166.166, 24.324472, 1.108604, 13770.269, 318.17682, 0.10786162, 2.2574255, 0.5400405, 233, 30
21, 584, 3473, starve, 15, 1685.0, 8045.389, 24.261377, 1.0946549, 8305.486, 317.85977, 0.1091127, 0.7519045, 0.53278613, 232, 28
257, 517, 3486, murder, 16, 93.0, 8026.6006, 24.785833, 1.0957977, 11718.3125, 323.7055, 0.15695482, 0.7598806, 0.8371823, 231, 27
105, 619, 3486, murder, 45, 595.0, 7917.195, 24.014084, 4.9586887, 17040.184, 315.9224, 0.15334453, 2.2581947, 0.5385641, 230, 27
244, 626, 3504, murder, 201, 157.0, 8026.349, 24.643578, 4.969316, 12130.084, 321.17093, 0.1515638, 2.2634263, 0.54216313, 234, 22
243, 617, 3527, murder, 201, 180.0, 8188.7236, 24.180025, 4.9685125, 5495.8457, 321.8659, 0.15273702, 2.281489, 0.54571617, 238, 19
49, 522, 3570, starve, 41, 1092.0, 7972.397, 24.632477, 1.0720997, 6307.155, 323.53586, 0.10945256, 0.75899035, 0.832904, 237, 18
150, 545, 3571, starve, 16, 505.0, 8095.169, 24.599688, 1.0870926, 18656.25, 319.19083, 0.15676263, 0.755385, 0.84468406, 236, 17
161, 538, 3590, starve, 18, 500.0, 7975.6514, 24.793825, 1.0838833, 16816.918, 14.690988, 0.108074, 2.253579, 0.83869356, 236, 17
146, 557, 3599, starve, 68, 535.0, 8101.2534, 24.715374, 1.091421, 18329.713, 319.45947, 0.107627675, 2.2163322, 0.5369835, 235, 24
122, 523, 3604, starve, 17, 620.0, 8067.1274, 24.264723, 1.0853374, 16701.047, 317.62946, 0.16000548, 2.286205, 0.8327804, 234, 18
151, 541, 3606, starve, 16, 540.0, 8029.3667, 24.85349, 1.0880756, 11029.899, 318.32764, 0.10907849, 0.7548632, 0.8328823, 233, 18
165, 542, 3608, starve, 40, 506.0, 8044.805, 24.740358, 4.8983216, 10887.577, 319.57684, 0.10908229, 0.75702107, 0.83979505, 232, 18
162, 522, 3615, starve, 18, 525.0, 7978.0083, 24.69218, 1.0856688, 9809.326, 14.787348, 0.10855343, 2.2727377, 0.84495425, 231, 17
17, 518, 3618, starve, 14, 1883.0, 8012.881, 24.487097, 1.0803409, 2392.9187, 319.04468, 0.15874247, 2.271422, 0.84257746, 230, 16
169, 635, 3628, starve, 30, 500.0, 7813.7236, 24.26686, 1.0758468, 14571.777, 14.707437, 0.10802672, 2.2821555, 0.82774055, 229, 16
128, 523, 3647, starve, 37, 615.0, 7881.1997, 24.425032, 1.0890927, 7164.1357, 317.02524, 0.1577591, 2.2419689, 0.8256285, 228, 12
124, 552, 3650, starve, 59, 650.0, 8118.133, 24.766699, 1.1072139, 6295.6826, 317.08835, 0.109179705, 0.7487656, 0.8509744, 227, 12
116, 523, 3658, starve, 33, 678.0, 8048.214, 24.648573, 4.9098725, 2932.3037, 319.5716, 0.10830481, 0.750012, 0.8466131, 226, 12
180, 524, 3686, starve, 50, 520.0, 7937.3003, 24.1117, 1.0795432, 6027.794, 321.1124, 0.15876779, 2.2568371, 0.839665, 229, 10
67, 572, 3688, starve, 39, 1041.0, 8038.4116, 24.452526, 1.0837048, 6635.5176, 320.9729, 0.10886092, 2.260881, 0.5359075, 228, 10
119, 509, 3693, starve, 74, 711.0, 8032.3706, 24.519514, 1.0867413, 18179.252, 321.1435, 0.15808249, 0.75325066, 0.8362653, 227, 10
123, 561, 3695, starve, 59, 695.0, 7847.4873, 24.9879, 1.1062949, 7526.112, 318.75873, 0.10758891, 0.7518669, 0.84271425, 226, 10
72, 555, 3696, starve, 16, 999.0, 8059.4805, 24.713923, 1.0803733, 2537.8896, 318.48004, 0.15956077, 0.7600908, 0.8261623, 225, 10
168, 629, 3698, starve, 24, 570.0, 7829.4185, 24.645477, 1.0709716, 8002.509, 14.733823, 0.10897162, 2.3010867, 0.8359129, 224, 10
188, 531, 3699, starve, 124, 510.0, 7908.1353, 24.94342, 1.1146764, 11671.519, 316.7485, 0.10763952, 0.7518876, 0.849565, 223, 10
174, 597, 3711, starve, 76, 561.0, 7991.8794, 24.615818, 1.0814047, 11503.409, 14.880784, 0.10978518, 2.2534893, 0.82990736, 222, 9
186, 536, 3719, starve, 53, 530.0, 7989.262, 25.003378, 4.869222, 19605.863, 319.7777, 0.110129505, 0.7424346, 0.85744816, 221, 7
24, 580, 3730, starve, 18, 1830.0, 7895.379, 24.409708, 1.081897, 17558.729, 14.75687, 0.10840303, 2.2661963, 0.8335792, 220, 6
164, 529, 3731, starve, 40, 629.0, 7989.789, 24.921768, 1.0802922, 4158.95, 320.04114, 0.10973735, 0.75994027, 0.84516, 219, 6
42, 574, 3736, starve, 24, 1377.0, 7964.747, 24.301888, 1.0773637, 16855.86, 318.3401, 0.10924664, 2.2586286, 0.8305268, 218, 6
29, 539, 3740, starve, 16, 1808.0, 8033.0576, 24.608816, 1.0797268, 19476.52, 319.78525, 0.15754817, 0.760142, 0.8345416, 217, 6
126, 612, 3755, starve, 26, 750.0, 8171.095, 24.506384, 1.1088849, 11556.895, 320.73862, 0.10850566, 2.2393594, 0.53884465, 216, 6
96, 598, 3755, starve, 25, 901.0, 8113.4863, 24.533442, 1.0945029, 17799.172, 14.746773, 0.10893519, 2.2762709, 0.82770324, 215, 6
48, 524, 3761, starve, 41, 1283.0, 7887.01, 24.625582, 1.0795377, 14655.849, 315.96198, 0.15822074, 0.7615576, 0.838422, 214, 6
33, 541, 3766, starve, 16, 1628.0, 8075.6733, 24.778807, 1.0911133, 16756.967, 317.97723, 0.10780899, 2.2382584, 0.83984125, 213, 6
139, 546, 3769, starve, 45, 713.0, 7898.4966, 24.67167, 1.0929302, 9316.798, 321.2577, 0.10731586, 2.2748668, 0.8465743, 212, 6
117, 532, 3773, starve, 33, 793.0, 7998.576, 24.79769, 1.0930634, 3224.702, 317.45786, 0.107863426, 2.2331114, 0.84450066, 211, 6
23, 559, 3777, starve, 12, 1989.0, 8006.5703, 24.577234, 4.952975, 6651.5874, 317.00385, 0.10974202, 0.74701506, 0.536539, 210, 6
97, 612, 3791, starve, 25, 937.0, 8062.432, 24.412685, 1.0892704, 17048.656, 14.825577, 0.10814786, 2.2848563, 0.538706, 209, 6
101, 574, 3801, starve, 42, 945.0, 7876.9956, 24.197493, 1.078125, 10544.221, 316.22574, 0.11032277, 2.2772803, 0.82839996, 208, 6
160, 524, 3805, starve, 18, 715.0, 7901.4966, 24.619677, 1.0850831, 17076.129, 14.732579, 0.10749525, 2.2508736, 0.84858984, 207, 6
147, 537, 3809, starve, 93, 745.0, 8040.614, 24.589727, 1.0807326, 8764.908, 316.26636, 0.15777658, 2.2882764, 0.83571494, 206, 6
16, 552, 3809, starve, 12, 2183.0, 8016.4688, 24.687397, 1.087773, 4841.6807, 320.904, 0.15800637, 0.7598043, 0.8392913, 205, 6
173, 595, 3816, starve, 76, 666.0, 8017.38, 23.990536, 1.0851792, 15736.935, 14.8652935, 0.10781663, 2.2748053, 0.5299009, 204, 5
178, 504, 3826, starve, 67, 660.0, 8021.091, 24.44121, 1.0838933, 15667.678, 320.7758, 0.15911116, 0.75593567, 0.82959527, 203, 5
231, 493, 3829, starve, 89, 500.0, 7891.765, 24.61076, 1.0789847, 7946.0215, 314.78864, 0.108533606, 0.7457999, 0.83737564, 202, 5
99, 571, 3833, starve, 75, 977.0, 7993.732, 24.521635, 1.080545, 14659.5625, 316.0582, 0.10857802, 2.2658188, 0.8363434, 201, 5
110, 531, 3837, starve, 35, 890.0, 7874.804, 25.254494, 1.0872748, 3839.044, 329.17978, 0.10873259, 0.7616133, 0.8273285, 200, 5
89, 538, 3839, starve, 53, 1005.0, 8016.9893, 24.576544, 1.0964334, 6093.3013, 315.0845, 0.10791147, 0.7509666, 0.53921694, 199, 5
74, 558, 3839, starve, 16, 1142.0, 8092.133, 24.611263, 1.0972021, 19586.97, 322.53796, 0.15945853, 0.7583499, 0.8456808, 198, 5
189, 538, 3842, starve, 53, 653.0, 7894.2344, 24.990852, 4.891435, 19010.666, 319.08817, 0.108897686, 0.7498033, 0.53405666, 197, 5
50, 517, 3847, starve, 42, 1369.0, 7900.001, 24.313414, 1.0791311, 10171.262, 321.1057, 0.16023092, 0.75344056, 0.83455473, 196, 6
145, 555, 3854, starve, 14, 790.0, 8023.49, 25.016514, 1.0777977, 18406.09, 14.84425, 0.10874163, 2.2510233, 0.53487265, 195, 6
227, 555, 3864, starve, 174, 540.0, 7914.419, 24.576178, 1.0839685, 14011.525, 14.798165, 0.10915453, 2.2170956, 0.84818864, 194, 6
54, 531, 3866, starve, 44, 1297.0, 7866.9233, 24.748484, 4.910302, 6173.938, 324.90158, 0.1093146, 0.7569567, 0.5417798, 193, 6
225, 562, 3869, starve, 117, 545.0, 8070.855, 24.49434, 1.0810881, 4959.2676, 318.87042, 0.10684323, 2.245538, 0.8430159, 192, 6
197, 550, 3869, starve, 132, 665.0, 7899.8096, 24.654568, 1.0899918, 12560.837, 14.679068, 0.10908728, 2.243025, 0.8494621, 191, 6
140, 546, 3869, starve, 45, 813.0, 7981.503, 24.227407, 4.968151, 11646.168, 317.02347, 0.16075172, 2.274299, 0.54450566, 190, 6
155, 570, 3870, starve, 22, 800.0, 8045.351, 24.556652, 4.8365207, 17723.701, 319.35175, 0.10916603, 2.240103, 0.8377734, 189, 6
69, 518, 3871, starve, 18, 1176.0, 7931.289, 24.762709, 1.1014903, 2346.4922, 14.8818035, 0.10917466, 2.2684035, 0.53965014, 188, 6
226, 567, 3874, starve, 174, 550.0, 7941.71, 24.54322, 1.1011653, 19650.775, 320.0736, 0.10739525, 2.2327971, 0.84283394, 187, 6
98, 590, 3875, starve, 25, 1021.0, 7981.5312, 24.586237, 4.9571643, 17066.13, 14.771774, 0.1073725, 2.2513235, 0.8343539, 186, 6
22, 583, 3876, starve, 15, 2088.0, 8073.994, 24.626421, 4.8740697, 10467.045, 321.31876, 0.10964119, 2.2561548, 0.8372056, 185, 6
86, 520, 3881, starve, 36, 1055.0, 8039.391, 24.944538, 1.0794927, 14582.252, 324.10266, 0.110361695, 0.75972825, 0.8533459, 184, 6
87, 553, 3886, starve, 33, 1052.0, 8116.684, 25.110888, 1.0878044, 2201.1172, 318.55774, 0.108343214, 2.2192824, 0.54095876, 183, 6
75, 575, 3886, starve, 16, 1189.0, 7941.404, 24.783068, 1.093242, 2914.1113, 317.82678, 0.1566909, 0.74989206, 0.8469303, 182, 6
134, 563, 3894, starve, 69, 862.0, 7971.2515, 24.743816, 4.875408, 10139.827, 14.742383, 0.10972616, 2.258305, 0.54215413, 181, 6
95, 602, 3897, starve, 25, 1043.0, 8076.614, 24.651918, 4.9235477, 13160.782, 318.5432, 0.10944799, 2.2653837, 0.5413136, 180, 6
258, 549, 3898, starve, 16, 505.0, 8057.9375, 24.688349, 1.0797882, 17345.422, 321.38428, 0.1568594, 0.7619313, 0.83478767, 179, 6
107, 520, 3901, starve, 70, 1004.0, 7877.2275, 24.743063, 4.948413, 4442.2954, 14.689848, 0.106695294, 2.2860758, 0.83969337, 178, 6
113, 538, 3914, starve, 35, 967.0, 7811.0347, 25.001022, 1.0865266, 19195.316, 327.91348, 0.10695278, 0.76044875, 0.81957334, 177, 7
222, 591, 3921, starve, 170, 605.0, 8059.0083, 24.904463, 1.0928904, 17938.848, 317.26544, 0.107426316, 0.7457325, 0.8347071, 176, 7
266, 549, 3922, starve, 84, 500.0, 7948.6313, 24.41275, 1.0987715, 18803.986, 319.03934, 0.108617716, 2.240951, 0.8266576, 175, 7
214, 601, 3925, starve, 35, 666.0, 7830.9746, 24.400179, 1.0765346, 17134.227, 14.821969, 0.108826354, 0.76107204, 0.84146243, 174, 7
224, 570, 3926, starve, 190, 610.0, 8097.3, 25.161097, 1.0935773, 15525.369, 318.22797, 0.110270225, 0.7490056, 0.5352047, 173, 7
35, 518, 3926, starve, 32, 1663.0, 7858.085, 25.01414, 1.0837665, 1578.9597, 326.79465, 0.10851647, 0.75641984, 0.82730883, 172, 7
269, 519, 3928, starve, 69, 500.0, 7883.5854, 24.65527, 1.0996249, 13894.979, 14.799025, 0.108201265, 2.2473078, 0.54151773, 171, 7
259, 525, 3928, starve, 16, 535.0, 8007.3604, 24.540277, 1.0772825, 12492.348, 318.28516, 0.15723662, 0.7637421, 0.84399366, 170, 7
177, 524, 3931, starve, 67, 765.0, 7915.1484, 24.224356, 1.0822741, 9552.109, 320.7061, 0.10853298, 2.2477012, 0.83759797, 169, 7
267, 557, 3932, starve, 185, 510.0, 8001.8496, 24.243309, 1.1097842, 13599.352, 319.93237, 0.10749219, 2.258961, 0.8286551, 168, 7
265, 550, 3932, starve, 84, 510.0, 8016.5576, 24.226004, 1.0904346, 1186.155, 320.38657, 0.10866635, 2.2328398, 0.81653166, 167, 7
270, 534, 3933, starve, 69, 505.0, 7892.515, 24.637993, 1.1010873, 13355.414, 14.982506, 0.11008403, 2.266696, 0.53982306, 166, 7
263, 609, 3933, starve, 173, 525.0, 8087.884, 24.03012, 4.9200807, 10724.641, 14.817133, 0.1088775, 2.2682426, 0.5382283, 165, 7
120, 510, 3934, murder, 74, 952.0, 7965.0244, 24.794079, 1.107075, 15409.678, 325.73053, 0.15840556, 0.7543732, 0.8382401, 164, 7
130, 534, 3937, starve, 37, 905.0, 7826.361, 24.672676, 1.070312, 13880.35, 320.62796, 0.1090767, 0.76275605, 0.8313096, 163, 7
156, 561, 3938, starve, 98, 861.0, 8110.4653, 24.379126, 4.9561977, 1962.6388, 320.2075, 0.10875641, 2.2583468, 0.8318505, 162, 7
201, 610, 3940, starve, 95, 726.0, 8131.004, 24.505056, 4.9249578, 14005.566, 322.73984, 0.10871966, 2.2761545, 0.54398257, 161, 7
25, 580, 3941, starve, 21, 2041.0, 8040.2314, 24.658463, 1.0880374, 1789.2424, 14.786463, 0.10837461, 2.2680852, 0.83464754, 160, 7
81, 513, 3942, starve, 73, 1122.0, 8111.1353, 24.433624, 1.083389, 13816.078, 320.81973, 0.15625222, 0.7607376, 0.830858, 159, 7
143, 567, 3945, starve, 78, 882.0, 7908.7915, 24.321264, 1.0969248, 17264.396, 322.8142, 0.15584697, 2.2715054, 0.8487743, 158, 7
238, 614, 3955, starve, 184, 610.0, 8246.243, 24.42552, 1.1074098, 2907.6255, 14.715782, 0.10811869, 2.25903, 0.8240286, 157, 7
18, 508, 3959, starve, 16, 2224.0, 7970.037, 24.618877, 1.0908027, 3874.6367, 14.803983, 0.10829497, 2.2725036, 0.840537, 156, 6
199, 597, 3967, starve, 95, 753.0, 8117.721, 24.505005, 4.928658, 11878.501, 317.94437, 0.11016497, 2.287502, 0.5444955, 155, 6
272, 592, 3968, starve, 154, 525.0, 7969.2275, 24.766752, 4.8132133, 7464.1997, 318.86053, 0.16102266, 2.253183, 0.8163965, 154, 5
63, 514, 3970, starve, 23, 1330.0, 8003.543, 24.473454, 4.935568, 7307.2427, 317.48306, 0.10872073, 0.7512571, 0.5366172, 153, 5
237, 566, 3972, starve, 198, 630.0, 8120.6807, 24.87131, 1.0906276, 12449.919, 319.68002, 0.10880971, 2.2013404, 0.5363359, 152, 5
235, 571, 3972, starve, 87, 630.0, 8190.3154, 24.972462, 1.0860413, 2981.8408, 321.45554, 0.10990066, 2.2090662, 0.54330564, 151, 5
185, 619, 3972, starve, 97, 788.0, 8017.2705, 24.374071, 1.1039433, 19164.137, 14.842572, 0.107967936, 2.254724, 0.53673816, 150, 5
77, 610, 3972, starve, 21, 1221.0, 7854.9277, 24.255615, 4.9045596, 5760.7373, 317.17947, 0.109217435, 0.74454224, 0.5445992, 149, 5
264, 604, 3978, starve, 95, 570.0, 8096.3535, 24.678358, 1.0820762, 10301.552, 320.5213, 0.10951469, 2.266521, 0.53017306, 148, 5
260, 553, 3978, starve, 16, 585.0, 7940.1836, 24.695353, 1.0810891, 14131.618, 318.43503, 0.1578565, 0.75761473, 0.83971155, 147, 5
256, 511, 3980, starve, 74, 590.0, 7933.9478, 24.528292, 1.0986599, 5813.2134, 325.17703, 0.15942758, 0.751757, 0.84273905, 146, 5
190, 541, 3984, starve, 33, 794.0, 8055.016, 24.772009, 1.1011536, 1736.1445, 315.98627, 0.10756497, 2.223383, 0.8406003, 145, 5
187, 537, 3984, starve, 53, 795.0, 7903.9824, 24.79236, 4.8908515, 13790.807, 316.804, 0.10960124, 0.7451297, 0.5408229, 144, 5
262, 613, 3988, starve, 173, 580.0, 8008.173, 23.779675, 4.9188404, 11270.587, 317.37958, 0.10877481, 2.2811491, 0.5463448, 143, 4
40, 567, 3990, starve, 16, 1631.0, 7987.8423, 24.782068, 1.090533, 1355.6908, 321.16934, 0.109427504, 0.76061386, 0.84544456, 142, 4
277, 585, 3995, starve, 99, 500.0, 7949.2827, 24.585213, 1.0859728, 15219.078, 314.50208, 0.1573504, 2.2486944, 0.8456248, 141, 4
41, 543, 3998, starve, 16, 1639.0, 7912.3735, 24.448202, 1.0827911, 19986.783, 322.2215, 0.15933673, 0.754156, 0.8402374, 140, 4
193, 560, 4000, starve, 156, 810.0, 8098.9497, 24.625408, 1.0998557, 11400.281, 319.3707, 0.10748171, 2.2312956, 0.846561, 139, 4
184, 609, 4003, starve, 96, 819.0, 8193.931, 24.772448, 1.096887, 18584.355, 14.613473, 0.10807885, 2.2858288, 0.8268655, 138, 4
279, 557, 4005, starve, 98, 500.0, 7967.047, 24.78199, 4.9442587, 17675.102, 316.51752, 0.10708846, 0.75532514, 0.53002423, 137, 4
278, 556, 4005, starve, 98, 500.0, 7954.7944, 24.562838, 4.925425, 19937.098, 320.77048, 0.10934204, 2.2387671, 0.83935684, 136, 4
275, 563, 4005, starve, 99, 510.0, 7998.7925, 24.945595, 1.0868711, 4776.327, 320.2912, 0.10963859, 0.74279714, 0.85438985, 135, 4
282, 586, 4006, starve, 77, 500.0, 8016.292, 24.35554, 4.892569, 16410.627, 14.7210865, 0.1555992, 2.2544518, 0.8502556, 134, 4
281, 577, 4006, starve, 20, 500.0, 7968.9487, 24.339516, 4.871959, 11898.589, 318.65866, 0.15605119, 2.2646718, 0.84690917, 133, 4
280, 595, 4006, starve, 20, 500.0, 8008.778, 24.67498, 4.888245, 6860.442, 14.5616865, 0.15422432, 2.262636, 0.5412721, 132, 4
170, 596, 4007, starve, 23, 868.0, 7994.3726, 24.97811, 4.903133, 7079.5254, 319.9903, 0.109587446, 0.74625695, 0.5404056, 131, 4
271, 609, 4023, starve, 154, 580.0, 7923.2144, 24.10068, 4.8725543, 8989.75, 316.25073, 0.10922946, 2.2801661, 0.5431031, 130, 3
268, 541, 4023, starve, 69, 595.0, 7975.5225, 25.000706, 1.1056794, 1705.6625, 14.846491, 0.10910386, 2.2726734, 0.5442218, 129, 3
14, 553, 4023, starve, 11, 2397.0, 8042.857, 24.850101, 1.0863895, 5245.4688, 14.796284, 0.10780928, 2.2566724, 0.83784854, 128, 3
273, 563, 4025, starve, 82, 535.0, 8081.906, 24.162556, 1.0895487, 4519.0317, 322.6808, 0.15855032, 2.2397408, 0.83860564, 127, 3
254, 531, 4035, starve, 74, 645.0, 8066.4087, 24.755219, 1.0829405, 4122.796, 321.46408, 0.1097622, 0.75353795, 0.84971523, 126, 4
274, 579, 4040, starve, 167, 550.0, 8230.277, 24.668325, 1.0908552, 13523.916, 322.91537, 0.15894884, 0.75995034, 0.8404376, 125, 4
133, 565, 4047, starve, 102, 1015.0, 7893.409, 24.538734, 1.111519, 8530.8545, 14.844499, 0.15765083, 2.2306092, 0.84731656, 124, 4
84, 520, 4050, starve, 59, 1229.0, 8079.7554, 24.335535, 1.091327, 3336.3142, 321.27148, 0.10893428, 2.2469337, 0.82322186, 123, 4
148, 552, 4054, starve, 93, 990.0, 7918.8286, 24.40835, 1.0932151, 16427.578, 323.23416, 0.15789592, 0.76580197, 0.83625585, 122, 4
20, 574, 4058, starve, 12, 2270.0, 8047.0015, 24.433882, 4.901307, 2880.584, 14.697919, 0.15564315, 2.2477682, 0.8470845, 121, 4
141, 544, 4063, starve, 41, 1007.0, 7854.7695, 24.2228, 1.0850269, 6933.5137, 317.00467, 0.16065739, 0.7470422, 0.53791696, 120, 4
79, 584, 4066, starve, 51, 1311.0, 8059.6123, 24.898546, 1.0998304, 19485.242, 325.09686, 0.15455371, 0.7590977, 0.54028296, 119, 4
198, 584, 4076, starve, 95, 862.0, 8113.6177, 24.600264, 4.9519143, 2320.2356, 320.94803, 0.10982212, 2.2841122, 0.54139537, 118, 4
218, 573, 4079, starve, 91, 820.0, 8145.728, 24.025118, 4.8981543, 4923.4727, 323.54706, 0.10922616, 0.7534001, 0.5499739, 117, 4
210, 525, 4080, starve, 165, 835.0, 7885.758, 24.754368, 1.0860872, 16975.176, 14.801709, 0.10856557, 2.268484, 0.8320689, 116, 4
136, 533, 4089, starve, 34, 1045.0, 7955.377, 24.701105, 1.0874277, 15838.672, 322.84845, 0.15600343, 0.7590733, 0.834769, 115, 5
26, 583, 4090, starve, 21, 2190.0, 8111.3574, 24.39308, 1.100305, 11189.628, 319.0311, 0.1084616, 2.254425, 0.53500926, 114, 5
253, 514, 4100, starve, 164, 710.0, 8134.093, 24.375252, 1.088052, 17233.969, 321.995, 0.10928247, 0.76660854, 0.845438, 113, 5
167, 608, 4101, starve, 125, 994.0, 8232.112, 24.346329, 1.0977951, 10830.034, 315.50177, 0.1076761, 2.2442842, 0.53925794, 112, 5
92, 565, 4104, starve, 16, 1265.0, 8006.962, 24.138165, 1.0874329, 2901.4048, 322.0944, 0.1589029, 0.76416177, 0.8343392, 111, 4
255, 514, 4105, starve, 164, 715.0, 7993.098, 24.74988, 1.0902529, 13686.105, 325.21988, 0.109805785, 0.7509121, 0.8453362, 110, 4
171, 582, 4108, starve, 23, 969.0, 8079.467, 24.608442, 4.9161844, 10475.244, 314.9572, 0.108969115, 0.7413938, 0.5417251, 109, 4
104, 578, 4110, starve, 40, 1230.0, 7941.7803, 24.630768, 4.9473386, 2587.1438, 321.94385, 0.1084652, 2.2701943, 0.8399644, 108, 4
229, 580, 4121, starve, 23, 795.0, 7965.262, 24.1329, 4.991592, 11021.371, 317.758, 0.10950244, 0.74259275, 0.53288007, 107, 4
102, 569, 4127, starve, 20, 1247.0, 8085.0356, 24.966286, 4.884041, 8846.66, 14.818802, 0.1568263, 2.2472968, 0.8473044, 106, 4
276, 572, 4130, starve, 75, 635.0, 8026.376, 24.417719, 1.0921047, 16926.31, 315.7317, 0.157781, 2.287974, 0.84440327, 105, 4
175, 596, 4130, starve, 25, 980.0, 8083.4473, 24.890507, 1.0810155, 16565.785, 14.873484, 0.108499676, 2.257926, 0.8409804, 104, 4
230, 605, 4136, starve, 23, 810.0, 8083.698, 24.342302, 4.943364, 12792.303, 315.49683, 0.11072354, 2.2658188, 0.5364158, 103, 4
51, 586, 4136, starve, 36, 1594.0, 7981.8955, 24.678804, 1.0877963, 13096.637, 327.75552, 0.15576848, 0.7547586, 0.5366807, 102, 4
206, 616, 4150, starve, 113, 905.0, 8010.359, 24.14007, 1.0826919, 3998.07, 317.0324, 0.108347, 2.2499068, 0.54412967, 101, 5
217, 579, 4152, starve, 77, 893.0, 7929.1777, 24.2213, 4.8932624, 2726.9924, 317.9908, 0.15969297, 0.74734, 0.5418653, 100, 5
45, 608, 4154, starve, 23, 1756.0, 7933.586, 24.241503, 4.92073, 16743.977, 317.78506, 0.10820416, 2.263554, 0.54072315, 99, 5
138, 525, 4159, starve, 36, 1110.0, 7954.5767, 24.8167, 1.068689, 13688.012, 321.5186, 0.15510339, 0.7577411, 0.8317889, 98, 5
284, 549, 4161, starve, 120, 500.0, 7954.728, 24.623928, 1.0942832, 5786.5576, 317.41873, 0.16044302, 0.75245506, 0.83881307, 97, 5
247, 592, 4162, starve, 172, 795.0, 7844.7124, 24.647781, 4.96231, 1587.9109, 319.75256, 0.10907453, 0.73573124, 0.83150625, 96, 5
137, 544, 4175, starve, 34, 1131.0, 7998.715, 24.906677, 1.0856284, 2961.2407, 321.49716, 0.15663248, 2.2999892, 0.83100724, 95, 5
121, 520, 4181, starve, 94, 1199.0, 8019.2803, 24.590757, 1.0925964, 13178.791, 316.29037, 0.15965675, 0.7595759, 0.83809185, 94, 5
287, 518, 4191, starve, 121, 530.0, 7966.632, 24.751047, 1.0959687, 4868.4463, 324.26068, 0.159148, 0.7575022, 0.8396033, 93, 5
204, 590, 4191, starve, 115, 967.0, 7980.927, 24.04731, 5.007557, 2724.7627, 318.28574, 0.15284435, 2.2360137, 0.53809714, 92, 5
233, 576, 4193, starve, 44, 855.0, 7984.41, 24.687643, 1.0882993, 5745.3555, 316.3454, 0.10873936, 2.3180327, 0.535556, 91, 5
208, 520, 4195, starve, 70, 950.0, 8093.4536, 24.465399, 1.0924641, 15597.617, 14.830848, 0.10779003, 2.2858508, 0.8384518, 90, 5
90, 534, 4198, starve, 33, 1364.0, 7892.2363, 24.970287, 1.0806777, 1796.847, 319.32913, 0.106740564, 2.2159183, 0.8335454, 89, 5
153, 573, 4200, starve, 22, 1130.0, 8007.39, 24.851257, 4.884988, 13958.609, 321.62576, 0.15659794, 2.253575, 0.8391188, 88, 5
285, 534, 4201, starve, 120, 540.0, 8066.234, 24.643051, 1.110014, 18825.178, 325.65817, 0.15871294, 0.7573167, 0.83789706, 87, 5
286, 534, 4206, starve, 121, 545.0, 8072.232, 25.023594, 1.0859331, 6422.878, 323.35788, 0.15826285, 0.76083547, 0.8406601, 86, 5
239, 591, 4215, starve, 155, 870.0, 8065.4946, 24.540075, 4.823979, 8850.389, 318.82114, 0.1092617, 2.2633364, 0.8268275, 85, 6
65, 597, 4222, starve, 12, 1575.0, 8142.1646, 24.584276, 1.0851023, 9435.0625, 321.99634, 0.10982434, 2.267892, 0.83309305, 84, 6
30, 590, 4223, starve, 27, 2179.0, 7852.483, 24.487846, 1.0768056, 8116.3955, 14.687719, 0.10878675, 2.285016, 0.83258814, 83, 6
93, 565, 4226, starve, 16, 1387.0, 7971.1406, 24.443949, 1.0902989, 11532.546, 322.52884, 0.15829067, 0.7637132, 0.83922476, 82, 6
212, 537, 4234, starve, 11, 980.0, 8048.634, 24.361763, 4.8597116, 5351.8604, 14.89172, 0.15687887, 0.7569073, 0.83652216, 81, 6
216, 560, 4239, starve, 91, 980.0, 8137.087, 24.292952, 4.939445, 5896.963, 317.75543, 0.15903166, 0.74789464, 0.5468075, 80, 6
57, 518, 4247, starve, 40, 1650.0, 7973.4004, 24.993729, 1.0811012, 19825.295, 323.13824, 0.10955212, 0.7533344, 0.8499541, 79, 6
76, 606, 4255, starve, 21, 1504.0, 8012.8013, 24.228619, 1.0907086, 8151.384, 320.07452, 0.11012457, 2.262572, 0.52926874, 78, 5
106, 515, 4262, starve, 71, 1365.0, 7802.2607, 24.479893, 4.948779, 18457.043, 14.918563, 0.1082378, 2.2757008, 0.83549404, 77, 5
88, 544, 4267, starve, 53, 1433.0, 7878.976, 24.69996, 1.0870042, 4283.996, 317.13742, 0.10816438, 2.2443264, 0.83917683, 76, 5
127, 612, 4270, starve, 26, 1265.0, 8158.6113, 24.368332, 1.1088325, 8536.029, 318.38263, 0.10738481, 2.2641382, 0.53753066, 75, 7
114, 508, 4278, starve, 83, 1320.0, 7851.874, 24.629414, 1.1026887, 6004.0703, 314.0939, 0.15941295, 0.7668151, 0.83572435, 74, 5
80, 537, 4278, starve, 72, 1458.0, 8001.809, 24.749985, 1.0950581, 17359.666, 317.2126, 0.15748973, 0.7461437, 0.8337123, 73, 5
202, 598, 4279, starve, 105, 1055.0, 7871.7803, 23.845383, 4.9231176, 9314.032, 314.02634, 0.15352276, 2.2707088, 0.83737534, 72, 5
55, 518, 4279, starve, 32, 1710.0, 7879.0356, 24.86334, 1.0844088, 7516.0737, 321.44708, 0.109236665, 0.75809926, 0.53376424, 71, 5
157, 573, 4285, starve, 98, 1208.0, 7936.994, 24.767408, 4.9452353, 12400.683, 316.98074, 0.108813986, 2.242015, 0.842646, 70, 5
152, 571, 4290, starve, 22, 1220.0, 8071.1807, 24.808065, 1.0767534, 12629.932, 320.99506, 0.10994649, 2.2702942, 0.82841843, 69, 5
158, 583, 4294, starve, 87, 1217.0, 8192.361, 25.04975, 4.908368, 19840.025, 320.80386, 0.10911362, 2.2378864, 0.53932667, 68, 5
118, 541, 4305, starve, 33, 1325.0, 7917.6094, 25.092218, 1.0910996, 5752.272, 322.19305, 0.1079661, 0.7535952, 0.83879364, 67, 5
246, 600, 4317, starve, 215, 950.0, 7918.247, 24.539646, 1.0847471, 17346.055, 319.75714, 0.107625864, 0.73973644, 0.83797365, 66, 5
192, 554, 4330, starve, 33, 1140.0, 8117.5093, 24.745266, 1.0905252, 18044.6, 319.2773, 0.10842073, 2.2464635, 0.83257025, 65, 5
240, 581, 4336, starve, 96, 990.0, 8056.408, 24.864117, 1.0838202, 6103.345, 14.741508, 0.1552395, 2.243321, 0.8448303, 64, 7
172, 593, 4336, starve, 23, 1197.0, 7910.6543, 24.686539, 4.9467554, 8305.877, 317.25818, 0.10980957, 0.7405707, 0.5401915, 63, 7
228, 598, 4341, starve, 23, 1015.0, 7929.5166, 24.750868, 4.995727, 5230.616, 318.85257, 0.10866372, 0.7485843, 0.53264713, 62, 7
241, 584, 4346, starve, 96, 1000.0, 8143.4546, 24.647425, 1.0965099, 12748.877, 14.662503, 0.10790196, 2.274714, 0.838497, 61, 7
194, 532, 4350, starve, 119, 1160.0, 8010.673, 24.663017, 4.937531, 1753.9133, 320.30463, 0.15732332, 2.276086, 0.82840663, 60, 7
181, 602, 4353, starve, 12, 1175.0, 7975.084, 24.65094, 4.9456015, 17243.564, 319.75345, 0.109648734, 2.24376, 0.5288877, 59, 7
250, 589, 4363, starve, 158, 975.0, 8258.03, 24.884235, 4.9455576, 1492.2417, 321.1973, 0.10898684, 2.2473445, 0.53745925, 58, 7
100, 567, 4365, starve, 42, 1509.0, 8023.7236, 24.082525, 1.1023586, 14123.547, 315.0545, 0.109073, 2.2430432, 0.83873284, 57, 7
94, 561, 4365, starve, 16, 1526.0, 7988.7065, 24.44149, 1.094523, 9012.955, 318.30066, 0.1573856, 0.7637518, 0.8430377, 56, 7
36, 515, 4371, starve, 31, 2108.0, 8092.1914, 24.77361, 1.0868691, 12884.228, 325.65442, 0.15520217, 0.7621531, 0.8353926, 55, 7
182, 603, 4375, starve, 12, 1197.0, 7987.6978, 24.29526, 4.9447384, 3829.1753, 320.3917, 0.10875559, 2.2693262, 0.5321395, 54, 7
38, 512, 4378, starve, 28, 2113.0, 8023.608, 24.783184, 1.074205, 13070.9, 317.8312, 0.10913968, 0.7595928, 0.84045714, 53, 7
91, 573, 4384, starve, 52, 1545.0, 8069.807, 24.917816, 1.0785941, 11852.669, 320.5631, 0.15915412, 0.7588276, 0.83135194, 52, 7
163, 539, 4387, starve, 40, 1285.0, 8000.7754, 24.596298, 1.0868024, 4218.293, 320.53897, 0.10934076, 0.7622211, 0.8456159, 51, 7
219, 570, 4399, starve, 77, 1140.0, 7809.746, 25.03049, 4.9213095, 17247.93, 320.59985, 0.16002959, 0.746664, 0.5394857, 50, 7
109, 518, 4402, starve, 71, 1505.0, 7855.66, 24.756426, 4.951733, 4836.297, 14.655966, 0.10740108, 2.294776, 0.8381295, 49, 7
248, 603, 4407, starve, 171, 1025.0, 8117.0063, 24.38147, 4.8974404, 13201.415, 315.8699, 0.10800529, 0.7460794, 0.5464238, 48, 7
245, 581, 4407, starve, 215, 1040.0, 7911.729, 24.801598, 4.965045, 2462.9688, 318.96756, 0.110864855, 0.73794436, 0.54394925, 47, 7
11, 581, 4414, starve, 0, 2914.0, 8000.0, 24.881561, 1.0825396, 18662.527, 14.875381, 0.15700771, 0.75299656, 0.83572465, 46, 7
82, 548, 4417, starve, 72, 1597.0, 8111.4663, 24.718513, 1.0845578, 11818.7705, 320.61447, 0.15789685, 0.7586245, 0.84080434, 45, 7
132, 546, 4422, starve, 69, 1390.0, 7973.7983, 24.655272, 1.091003, 10282.353, 14.78058, 0.10821735, 2.245074, 0.85528797, 44, 7
59, 525, 4423, starve, 40, 1826.0, 8047.0493, 24.87457, 1.0981823, 17430.639, 319.36365, 0.10837977, 0.74980146, 0.849052, 43, 7
203, 592, 4424, starve, 105, 1200.0, 7998.846, 24.82047, 4.9994345, 18555.307, 316.85568, 0.15387067, 2.2670817, 0.83021176, 42, 7
249, 594, 4432, starve, 214, 1050.0, 8022.005, 24.748913, 1.0708971, 16651.86, 317.49713, 0.10911969, 0.7566114, 0.54508644, 41, 7
115, 550, 4438, starve, 33, 1458.0, 8077.4062, 24.970123, 4.938958, 17020.578, 315.68436, 0.10714743, 2.2226048, 0.8366692, 40, 7
252, 584, 4453, starve, 199, 1065.0, 8162.5405, 25.12254, 4.869962, 7030.2915, 319.03125, 0.109632194, 2.2769032, 0.5429662, 39, 9
12, 583, 4455, starve, 0, 2954.0, 8000.0, 24.42743, 4.905451, 12174.524, 318.66412, 0.10884158, 2.2655478, 0.5333894, 38, 9
283, 527, 4469, starve, 80, 890.0, 7938.5674, 24.585703, 1.0751213, 15971.69, 314.7124, 0.1586619, 0.74042106, 0.82684815, 37, 9
135, 550, 4469, starve, 109, 1425.0, 8024.042, 25.157064, 4.909429, 3648.0962, 14.678369, 0.1071285, 0.7701116, 0.83090407, 36, 9
47, 512, 4508, starve, 41, 2030.0, 7948.3657, 24.545334, 1.0927895, 3566.8538, 321.88434, 0.15823828, 2.2635713, 0.8305226, 35, 9
28, 513, 4510, starve, 16, 2578.0, 7952.176, 24.64761, 1.0825583, 16061.031, 321.42432, 0.10825878, 2.238909, 0.8358199, 34, 9
215, 585, 4523, starve, 35, 1264.0, 7895.124, 24.405567, 1.0886219, 2088.0176, 14.877782, 0.10819474, 2.2862663, 0.83192235, 33, 10
183, 608, 4523, starve, 12, 1345.0, 7959.2417, 24.596302, 4.8702173, 10708.939, 324.04404, 0.10839963, 2.2484853, 0.53820336, 32, 10
62, 525, 4526, starve, 23, 1886.0, 7837.3896, 24.56654, 4.9448705, 8735.641, 314.81873, 0.10983478, 0.74769425, 0.54062676, 31, 10
103, 589, 4540, starve, 40, 1660.0, 8120.5522, 24.613054, 4.853452, 6121.079, 14.789698, 0.15682371, 2.226693, 0.853398, 30, 10
112, 530, 4562, starve, 35, 1615.0, 7848.3496, 24.778563, 1.0921443, 11532.404, 323.90866, 0.109075174, 0.7568124, 0.82483953, 29, 10
34, 538, 4567, starve, 28, 2429.0, 7967.257, 24.924398, 1.0841254, 12393.586, 323.66937, 0.15651129, 0.7652787, 0.8343807, 28, 10
221, 531, 4588, starve, 140, 1320.0, 7990.428, 24.53612, 1.0823617, 14785.465, 315.2025, 0.10662893, 2.2624555, 0.5396137, 27, 13
111, 550, 4592, starve, 35, 1645.0, 7849.9653, 24.764412, 1.081396, 8641.7295, 328.53473, 0.10783543, 0.75834185, 0.8195047, 26, 13
207, 530, 4605, starve, 70, 1360.0, 7887.343, 24.526083, 1.0843639, 18701.06, 14.649498, 0.1070173, 2.3011477, 0.82530195, 25, 13
251, 578, 4618, starve, 158, 1230.0, 8138.141, 25.080845, 4.8802905, 9708.108, 323.68463, 0.10837363, 2.2224023, 0.54042625, 24, 13
149, 538, 4621, starve, 16, 1555.0, 8048.6343, 24.67365, 1.0908169, 6771.6143, 319.8969, 0.1590207, 0.76627034, 0.84310174, 23, 13
232, 596, 4623, starve, 44, 1285.0, 8073.861, 24.960232, 4.905455, 6106.6196, 322.07803, 0.15542968, 2.2850814, 0.5337033, 22, 13
129, 521, 4657, starve, 103, 1625.0, 8176.9795, 24.60651, 1.0723768, 1592.2959, 322.83472, 0.108086996, 2.2152607, 0.8199187, 21, 15
56, 526, 4658, starve, 50, 2061.0, 8053.34, 24.93104, 1.0868561, 11040.405, 323.32947, 0.109771475, 0.7554289, 0.8423267, 20, 15
223, 589, 4661, starve, 170, 1345.0, 7985.192, 24.948051, 4.8953185, 3440.1294, 316.66812, 0.10878605, 0.74032086, 0.8483386, 19, 15
261, 606, 4668, starve, 95, 1260.0, 8066.995, 24.795416, 4.940727, 13349.13, 316.68323, 0.109370105, 2.251522, 0.53398216, 18, 15
70, 508, 4675, starve, 18, 1980.0, 7912.672, 24.538626, 1.0825868, 10356.915, 14.705317, 0.10753644, 2.2843285, 0.8325214, 17, 15
242, 631, 4682, starve, 201, 1335.0, 8202.955, 24.474773, 4.9970512, 3828.4868, 319.68253, 0.1519326, 2.227841, 0.5372638, 16, 15
78, 603, 4691, starve, 51, 1936.0, 7927.4893, 24.781673, 1.0899729, 9802.669, 320.94376, 0.15724939, 0.76652706, 0.8430714, 15, 15
236, 589, 4717, starve, 87, 1375.0, 8051.179, 25.252148, 4.915982, 6385.6353, 319.30215, 0.10728417, 2.2390296, 0.5428329, 14, 18
191, 533, 4735, starve, 33, 1545.0, 8030.562, 24.984959, 4.9135113, 11939.92, 316.351, 0.10865088, 2.225965, 0.83992475, 13, 18
53, 537, 4746, starve, 32, 2177.0, 7955.2373, 24.870897, 4.914001, 7546.78, 319.87894, 0.10862811, 0.7522325, 0.53612864, 12, 18
234, 572, 4752, starve, 87, 1410.0, 8068.866, 25.283026, 4.9949875, 11359.142, 319.2157, 0.10916687, 2.2772026, 0.54492146, 11, 18
200, 620, 4804, starve, 95, 1590.0, 8024.408, 24.702505, 4.895201, 12919.399, 319.65277, 0.10903161, 2.2541776, 0.5464995, 10, 19
154, 569, 4931, starve, 22, 1861.0, 8082.2046, 24.676222, 4.852047, 5103.089, 319.01602, 0.10910318, 2.2628326, 0.8243466, 9, 25
211, 537, 4957, starve, 20, 1703.0, 8029.409, 24.746408, 1.0933207, 12467.207, 14.952662, 0.15429224, 2.2352312, 0.8413251, 8, 30
176, 579, 5459, starve, 25, 2309.0, 8083.9355, 24.887869, 1.0909868, 8723.331, 14.665549, 0.10811711, 2.275312, 0.5343975, 7, 62
144, 592, 5683, starve, 78, 2620.0, 7891.8374, 24.587088, 1.0981351, 2500.9207, 325.44138, 0.1568207, 2.2526677, 0.8391572, 6, 80
64, 520, 6488, starve, 23, 3848.0, 7991.2075, 24.463522, 4.99348, 9295.52, 315.47253, 0.109098926, 0.760356, 0.8254323, 9, 140
364, 491, 7670, murder, 310, 45.0, 7809.5674, 24.856857, 4.8882794, 4189.082, 14.983733, 0.10881221, 2.2681086, 0.54211146, 94, 232
360, 621, 7693, murder, 335, 82.0, 8045.3574, 24.883419, 4.9157577, 7935.8745, 322.69113, 0.1082545, 2.24941, 0.5269384, 105, 235
313, 515, 7693, murder, 289, 395.0, 8052.221, 24.61493, 4.8909883, 12078.568, 14.990799, 0.15488636, 0.7395632, 0.8465924, 104, 235
431, 624, 7807, murder, 68, 15.0, 7970.408, 24.287796, 4.874681, 10143.515, 319.1728, 0.107942894, 2.2182007, 0.53676844, 155, 218
385, 503, 7807, murder, 350, 132.0, 7951.19, 24.523422, 4.8868756, 19388.422, 14.852655, 0.1525947, 0.7511715, 0.8387749, 154, 218
373, 522, 7888, murder, 300, 252.0, 8176.302, 24.657354, 4.935662, 12899.751, 15.062396, 0.10905747, 2.2391024, 0.8426893, 213, 216
520, 623, 7921, murder, 335, 0.0, 7953.4204, 24.788687, 4.875904, 7869.6284, 321.01025, 0.109410584, 2.2433243, 0.53869385, 232, 202
488, 516, 7921, murder, 330, 52.0, 8100.9717, 24.14965, 4.916717, 12868.895, 14.907851, 0.109357715, 2.300729, 0.54166704, 231, 202
316, 530, 7924, murder, 294, 560.0, 8121.148, 25.176682, 4.963757, 15775.42, 14.939279, 0.15494287, 2.2526705, 0.5350411, 234, 201
490, 612, 7932, murder, 319, 54.0, 7941.665, 24.61139, 4.873815, 13753.857, 321.4748, 0.10828729, 2.313026, 0.53440845, 241, 219
378, 504, 7932, murder, 322, 259.0, 8089.8047, 25.333826, 4.9801054, 1834.7842, 14.846665, 0.10723904, 2.2451532, 0.5412903, 240, 219
521, 652, 7935, murder, 335, 14.0, 7969.495, 24.744192, 4.9259343, 17637.623, 321.21194, 0.10924575, 2.2463844, 0.5308833, 243, 205
372, 551, 7935, murder, 300, 299.0, 8079.958, 24.483974, 4.9751167, 10921.362, 14.8014345, 0.15392824, 2.255899, 0.8466326, 242, 205
471, 489, 7985, murder, 293, 137.0, 8063.9375, 25.200623, 4.9299116, 9217.688, 14.558362, 0.107931666, 2.2739637, 0.5313045, 292, 168
415, 590, 7985, murder, 336, 226.0, 8008.7285, 23.946505, 4.995091, 15844.988, 319.65625, 0.107800394, 2.267301, 0.55225205, 291, 168
351, 485, 8026, murder, 299, 449.0, 7984.9956, 24.611025, 4.981677, 2259.1707, 14.923637, 0.15375039, 2.2275445, 0.8537528, 322, 145
476, 527, 8049, murder, 393, 197.0, 8136.397, 24.70779, 4.938131, 16475.094, 14.7683935, 0.15389547, 2.2488942, 0.5374432, 345, 126
349, 522, 8056, murder, 324, 493.0, 7691.887, 24.979603, 4.990353, 17881.793, 15.1854, 0.106191695, 2.2642093, 0.54933935, 351, 134
653, 455, 8064, murder, 459, 4.0, 7906.551, 24.93538, 4.944211, 16676.695, 14.657427, 0.15421663, 2.2941897, 0.5457738, 365, 130
326, 512, 8065, murder, 311, 648.0, 7772.0444, 24.807467, 4.921948, 13529.494, 14.87882, 0.10869966, 2.305907, 0.5483911, 371, 130
575, 497, 8069, murder, 381, 100.0, 7903.89, 24.434895, 4.886783, 8134.2017, 15.4039, 0.10792994, 2.229082, 0.8435245, 379, 124
652, 459, 8071, murder, 404, 11.0, 7995.569, 25.017492, 4.996756, 2367.6812, 14.80118, 0.10812749, 2.255676, 0.8555386, 381, 123
397, 513, 8072, murder, 298, 356.0, 7966.423, 24.739733, 4.9664783, 16217.789, 14.888883, 0.15507148, 0.7457395, 0.8453706, 382, 122
358, 617, 8072, murder, 335, 461.0, 7927.076, 24.768667, 4.8879867, 7225.921, 319.48248, 0.10776452, 2.231278, 0.5306643, 381, 122
411, 496, 8074, murder, 309, 328.0, 7920.4062, 25.079449, 4.9284406, 9378.422, 15.054164, 0.10679151, 2.2348056, 0.5407117, 380, 119
305, 523, 8079, murder, 301, 807.0, 7733.1875, 24.98314, 4.9574423, 15197.008, 14.946939, 0.10817398, 2.3022919, 0.5499993, 379, 115
300, 533, 8085, murder, 289, 968.0, 8092.68, 24.682714, 4.95691, 13401.453, 14.941326, 0.109271355, 2.2608848, 0.8448658, 388, 108
710, 637, 8100, murder, 571, 6.0, 7850.0737, 24.52249, 4.9581914, 15311.552, 14.762651, 0.107567064, 2.2727602, 0.8400211, 407, 93
477, 526, 8100, murder, 393, 248.0, 7936.57, 24.510271, 4.909397, 9066.4, 14.627955, 0.10718691, 2.247094, 0.8507812, 406, 93
621, 488, 8105, murder, 457, 78.0, 7814.0815, 24.845938, 5.045671, 18797.725, 14.842617, 0.10708568, 0.74917525, 0.8235744, 407, 91
637, 509, 8116, murder, 443, 79.0, 7785.339, 24.881086, 4.9269857, 12447.539, 14.646481, 0.10886729, 0.73748714, 0.54092854, 415, 99
581, 511, 8119, murder, 339, 148.0, 7834.843, 24.779451, 4.894167, 11820.815, 14.897682, 0.10859215, 2.284943, 0.5398793, 416, 91
739, 622, 8129, murder, 585, 2.0, 7802.146, 24.897259, 4.9711947, 4771.6074, 14.878389, 0.15446158, 2.232568, 0.53370833, 424, 74
482, 515, 8129, murder, 408, 266.0, 8031.429, 25.080967, 4.928445, 13885.459, 15.200657, 0.107093036, 2.270535, 0.8321666, 423, 74
585, 635, 8137, murder, 356, 166.0, 7808.876, 24.572844, 4.8379517, 19674.56, 14.682339, 0.10757559, 2.2310534, 0.8304952, 429, 66
339, 521, 8137, murder, 293, 613.0, 8009.898, 24.716768, 4.865445, 6873.896, 14.923591, 0.10731936, 0.73404807, 0.53754944, 428, 66
584, 648, 8145, murder, 356, 174.0, 7924.0977, 24.66649, 4.9332814, 16370.288, 14.756618, 0.10811476, 2.2345226, 0.8425067, 429, 57
534, 527, 8167, murder, 383, 233.0, 8147.7373, 25.187946, 4.9205556, 11070.134, 14.868046, 0.15576953, 2.268714, 0.5501029, 435, 41
760, 611, 8173, murder, 591, 0.0, 7912.7095, 24.796354, 4.9057217, 3691.243, 14.905796, 0.107989684, 2.2473538, 0.5396058, 440, 38
695, 508, 8173, murder, 362, 89.0, 7970.4097, 25.039087, 4.9166, 10341.984, 15.049763, 0.10947894, 2.2996771, 0.547315, 439, 38
379, 507, 8174, murder, 322, 501.0, 8058.208, 25.128077, 4.9919963, 7809.082, 14.936357, 0.106527954, 2.2688982, 0.5198698, 438, 68
423, 519, 8175, murder, 327, 390.0, 7864.2144, 24.229845, 4.9141145, 16560.838, 14.819849, 0.10901123, 2.263041, 0.5462084, 441, 47
763, 601, 8178, murder, 359, 3.0, 7845.1895, 24.303925, 4.8910027, 1500.595, 320.79083, 0.107904404, 2.216455, 0.5446842, 440, 42
607, 490, 8186, murder, 448, 185.0, 7789.3633, 25.13281, 4.8326797, 10930.832, 14.844254, 0.109502085, 2.2998443, 0.54592574, 439, 34
370, 517, 8186, murder, 326, 552.0, 7979.1743, 24.965946, 4.90416, 12271.479, 15.098095, 0.10666649, 2.289993, 0.53690094, 438, 34
403, 499, 8187, murder, 351, 455.0, 7979.057, 25.430838, 4.9343905, 2669.8528, 14.67844, 0.15525126, 2.2452636, 0.84740597, 437, 34
320, 587, 8196, starve, 44, 795.0, 7924.4014, 24.966764, 4.9340525, 18211.248, 317.96793, 0.10805081, 2.2620575, 0.5323117, 436, 30
635, 504, 8218, murder, 379, 182.0, 8009.0713, 24.880959, 5.0107584, 1239.5066, 14.956605, 0.10617764, 2.2790024, 0.5249722, 437, 24
574, 619, 8224, murder, 303, 259.0, 8018.7847, 24.410957, 4.9382105, 1232.1023, 14.824127, 0.10927931, 2.226203, 0.8393055, 436, 23
470, 517, 8224, murder, 293, 376.0, 7999.6533, 25.024506, 4.9308357, 19649.893, 15.071258, 0.10826015, 2.2641387, 0.5291456, 435, 23
511, 513, 8226, murder, 131, 330.0, 7898.24, 25.21, 4.964616, 11369.199, 14.8874855, 0.10793312, 2.244292, 0.53653365, 434, 23
711, 630, 8228, murder, 584, 134.0, 8002.642, 24.69575, 4.9471436, 16938.508, 14.645048, 0.108645, 2.2554247, 0.8442358, 433, 22
595, 534, 8229, murder, 346, 235.0, 7699.755, 24.465176, 4.9591913, 13357.303, 323.7441, 0.1087907, 2.348043, 0.5199005, 432, 22
359, 650, 8229, murder, 335, 618.0, 7938.133, 24.627232, 4.8321643, 11983.711, 319.00433, 0.10847411, 2.2133234, 0.53872263, 431, 22
514, 512, 8243, murder, 382, 335.0, 7703.8774, 24.767784, 4.8502836, 5980.217, 15.030568, 0.10738621, 0.74796915, 0.8415852, 430, 22
643, 499, 8264, murder, 510, 222.0, 8028.9624, 25.373446, 4.9710402, 3464.6047, 15.067649, 0.155075, 2.2435155, 0.540223, 429, 13
516, 528, 8265, murder, 382, 357.0, 8082.4556, 24.8884, 4.9341555, 10582.119, 14.941492, 0.15347867, 0.7460665, 0.8454451, 429, 13
642, 489, 8267, murder, 353, 225.0, 8024.068, 25.199257, 4.9125857, 8425.914, 14.889148, 0.10975931, 2.2542531, 0.5402488, 428, 13
613, 512, 8276, murder, 511, 264.0, 7961.224, 25.240658, 4.988298, 10130.124, 15.007416, 0.10777353, 2.26414, 0.53305596, 429, 10
576, 494, 8278, murder, 381, 309.0, 8086.1045, 24.890076, 4.996444, 1958.674, 15.366674, 0.15282749, 0.74652654, 0.83714306, 428, 10
496, 511, 8278, murder, 308, 397.0, 8010.3145, 25.04281, 4.9337845, 5453.021, 14.952847, 0.10710989, 2.2455862, 0.5363476, 427, 10
425, 530, 8295, starve, 317, 510.0, 7861.326, 25.097939, 4.907964, 8927.633, 14.930255, 0.11006601, 2.3150084, 0.53654426, 426, 9
314, 508, 8296, murder, 300, 998.0, 8066.476, 24.922886, 4.9512143, 2501.7327, 15.06784, 0.15472376, 0.73707986, 0.8405415, 425, 15
764, 611, 8298, murder, 423, 123.0, 7903.6846, 24.502525, 4.787422, 18903.816, 14.859364, 0.10896775, 2.2229576, 0.54169357, 424, 10
730, 614, 8354, murder, 374, 236.0, 7916.8843, 24.645735, 4.8545504, 12174.991, 14.875511, 0.10680451, 2.3165379, 0.545467, 426, 6
582, 509, 8354, murder, 311, 383.0, 7788.6055, 24.789898, 4.8856306, 5176.9766, 14.903013, 0.10943256, 2.2442558, 0.54193413, 425, 6
705, 605, 8371, murder, 578, 280.0, 7945.749, 24.96079, 4.8723845, 7024.2183, 321.34232, 0.108226046, 2.3357873, 0.5368764, 424, 5
765, 615, 8374, murder, 359, 199.0, 7861.8184, 24.477772, 4.9433846, 18705.99, 14.891441, 0.10910832, 2.1949048, 0.53550273, 423, 5
467, 552, 8404, starve, 306, 560.0, 8027.946, 25.124012, 4.925727, 13024.754, 325.38016, 0.10823146, 2.2936664, 0.53279114, 422, 5
450, 547, 8405, starve, 392, 587.0, 8027.894, 24.661062, 4.88596, 2582.581, 14.832621, 0.1077825, 0.7395195, 0.5355732, 421, 5
515, 527, 8408, starve, 361, 500.0, 7762.878, 24.990953, 4.9173484, 10387.936, 14.850175, 0.1522914, 0.73934203, 0.5320227, 420, 5
513, 534, 8408, starve, 361, 500.0, 7758.53, 24.979671, 5.008719, 16598.797, 14.94108, 0.15445885, 2.2973547, 0.85209346, 419, 5
404, 490, 8434, murder, 351, 702.0, 7965.554, 24.52533, 4.9749866, 15188.409, 14.783444, 0.1540639, 2.2421129, 0.857029, 418, 5
466, 557, 8439, starve, 380, 595.0, 8017.1333, 25.040081, 4.9136105, 8358.41, 320.3401, 0.1070876, 2.3344357, 0.5264102, 417, 5
571, 579, 8444, starve, 463, 482.0, 7880.3003, 24.668987, 4.95506, 12857.511, 14.55269, 0.15162632, 2.2578363, 0.83782184, 416, 5
550, 526, 8448, starve, 406, 500.0, 8073.639, 25.337248, 4.9586477, 2399.0977, 322.96384, 0.10708674, 2.3098013, 0.52975804, 415, 5
412, 530, 8452, starve, 312, 693.0, 8168.2666, 24.317438, 4.8962493, 13220.435, 15.023582, 0.15334135, 2.2337592, 0.5309899, 414, 5
480, 526, 8456, starve, 300, 597.0, 8102.942, 24.621393, 4.9173727, 9886.792, 15.037782, 0.10858285, 2.3147407, 0.8447744, 413, 5
729, 612, 8457, murder, 374, 339.0, 7871.227, 24.832508, 4.8724375, 17270.242, 14.784231, 0.10765868, 2.3062015, 0.5402296, 412, 5
289, 506, 8457, murder, 213, 2266.0, 8090.3477, 24.69937, 4.917039, 15836.241, 14.83437, 0.15523985, 0.7444888, 0.8453737, 411, 5
396, 522, 8467, starve, 298, 751.0, 7919.359, 24.888893, 4.979716, 16416.123, 15.113751, 0.15442316, 0.7480706, 0.54188424, 410, 4
394, 550, 8467, starve, 131, 753.0, 7889.085, 24.738892, 4.96436, 3014.442, 14.708657, 0.10934812, 2.2742276, 0.5360833, 409, 4
510, 518, 8471, starve, 131, 575.0, 7893.737, 24.777464, 4.944437, 14114.0205, 14.973762, 0.10944387, 2.2665696, 0.5341738, 408, 4
455, 527, 8471, starve, 399, 636.0, 7875.355, 24.631489, 5.014877, 13594.958, 15.216783, 0.15445928, 0.75206095, 0.8235699, 407, 4
447, 572, 8475, starve, 307, 663.0, 7950.9995, 25.53039, 4.933406, 13785.642, 14.728731, 0.10780008, 2.2360191, 0.5367524, 406, 4
367, 564, 8475, starve, 302, 848.0, 8072.0156, 24.316372, 4.9146094, 7126.064, 14.815796, 0.11045868, 2.2974381, 0.5387342, 405, 4
401, 541, 8480, starve, 321, 757.0, 7996.5146, 24.977856, 4.92212, 2709.6777, 324.42023, 0.15483186, 0.7313765, 0.84034926, 404, 5
478, 544, 8482, starve, 393, 630.0, 8074.229, 24.559217, 4.9638696, 2590.8506, 14.933757, 0.15407546, 2.2665622, 0.8411274, 403, 5
449, 536, 8483, starve, 339, 665.0, 8071.3926, 24.67898, 4.8229814, 9421.467, 15.003806, 0.10760855, 0.7369182, 0.53594077, 402, 5
430, 560, 8488, starve, 341, 698.0, 7928.362, 24.311419, 4.941787, 7298.834, 14.975157, 0.15302403, 2.257299, 0.53653806, 401, 5
333, 572, 8493, starve, 302, 1016.0, 7869.5195, 25.053679, 4.8906283, 8129.777, 14.754485, 0.10912093, 2.275819, 0.53756946, 400, 5
299, 523, 8493, starve, 289, 1376.0, 8058.974, 24.814043, 4.935398, 17292.355, 14.834449, 0.15423433, 0.75023085, 0.84859484, 399, 5
453, 530, 8497, starve, 394, 663.0, 7911.8325, 25.051893, 4.9077077, 11428.307, 14.8533125, 0.10925434, 2.2780993, 0.53639877, 398, 5
501, 541, 8498, starve, 366, 612.0, 7775.0566, 25.429005, 4.983539, 7095.8594, 15.038598, 0.10516949, 2.312919, 0.54139936, 397, 5
473, 560, 8501, starve, 387, 651.0, 7981.2603, 24.84648, 4.916116, 7166.2163, 319.34003, 0.1071687, 2.3245647, 0.53550553, 396, 5
484, 514, 8502, murder, 348, 639.0, 7960.953, 25.105103, 4.914161, 6677.926, 15.066248, 0.10627639, 2.2922416, 0.53687143, 395, 5
433, 525, 8509, starve, 311, 716.0, 7871.0913, 24.79555, 4.8739047, 3807.2437, 15.071938, 0.10709022, 2.2734613, 0.84657145, 394, 5
545, 520, 8510, starve, 352, 564.0, 7969.817, 25.278864, 4.998851, 16252.041, 14.8465395, 0.108305536, 2.2603755, 0.52363926, 393, 5
298, 511, 8512, starve, 289, 1395.0, 8063.9785, 24.943317, 4.9689784, 2811.1975, 14.887801, 0.15473314, 0.74440336, 0.8375744, 392, 5
567, 534, 8515, starve, 464, 553.0, 7877.9873, 23.95553, 4.8647237, 19100.7, 14.647145, 0.10792399, 2.2880914, 0.54229814, 391, 5
366, 563, 8517, starve, 302, 890.0, 7761.332, 24.151045, 4.9458494, 10002.841, 14.914515, 0.10986697, 2.3055942, 0.53148776, 390, 5
503, 576, 8520, starve, 291, 628.0, 7872.9805, 24.896452, 4.880832, 9818.684, 321.4244, 0.10720205, 2.2777996, 0.53361195, 389, 5
375, 583, 8521, starve, 297, 865.0, 7985.1826, 24.954508, 4.816922, 18082.76, 14.708529, 0.107647486, 2.2617483, 0.54528636, 388, 5
600, 614, 8522, murder, 358, 526.0, 7998.2954, 24.961916, 4.876906, 12302.963, 321.8522, 0.107132494, 2.2521644, 0.538651, 387, 5
583, 506, 8522, murder, 311, 551.0, 7746.96, 24.897734, 4.8536367, 8615.083, 14.898784, 0.10844617, 0.72807425, 0.53757674, 386, 5
331, 558, 8523, starve, 302, 1046.0, 7999.314, 24.652655, 4.894642, 7077.848, 14.784854, 0.10980297, 2.2872934, 0.54614294, 385, 5
497, 541, 8526, starve, 308, 645.0, 7830.3438, 24.961279, 4.9138727, 2106.4275, 14.749342, 0.10646418, 2.3055475, 0.5437171, 384, 5
489, 514, 8526, starve, 330, 657.0, 7788.8525, 24.481619, 4.9274855, 1485.6189, 14.796517, 0.11060291, 2.306526, 0.5449685, 383, 5
617, 554, 8527, starve, 484, 502.0, 7897.1274, 24.91971, 4.9062414, 17871.703, 15.128579, 0.15289705, 2.3093326, 0.8513473, 382, 5
565, 530, 8529, starve, 304, 568.0, 7818.9956, 24.08085, 4.868008, 10821.7295, 14.856252, 0.11108748, 2.3363369, 0.54016256, 381, 5
605, 514, 8530, starve, 322, 530.0, 8107.6694, 25.53075, 4.9675455, 10804.826, 14.784171, 0.15635315, 0.73640496, 0.5413731, 380, 5
636, 503, 8536, starve, 450, 500.0, 8104.822, 24.930801, 5.025554, 5145.9307, 14.815133, 0.10624816, 0.74202526, 0.5242196, 379, 4
634, 518, 8536, starve, 379, 500.0, 7983.39, 25.142286, 4.9928045, 17397.041, 14.997018, 0.10601072, 2.270656, 0.5201592, 378, 4
633, 520, 8536, starve, 379, 500.0, 8089.2515, 24.910854, 5.0021873, 15226.829, 14.845165, 0.10581333, 2.2819483, 0.51699823, 377, 4
494, 567, 8542, starve, 421, 662.0, 7920.7207, 24.964024, 4.955943, 5006.5996, 14.891969, 0.1532631, 2.2546668, 0.5320336, 376, 4
436, 547, 8544, starve, 349, 743.0, 7720.833, 24.978363, 4.9634333, 3211.4946, 15.185222, 0.10670777, 2.2420883, 0.5546947, 375, 4
492, 561, 8545, starve, 412, 665.0, 8024.4814, 24.50789, 4.936338, 5492.6465, 314.94702, 0.15443441, 2.287084, 0.5310791, 374, 4
330, 519, 8547, starve, 312, 1113.0, 7865.6416, 24.339787, 4.9263816, 1705.0769, 14.866523, 0.15602808, 2.2778525, 0.54072833, 373, 4
464, 517, 8548, starve, 333, 706.0, 7933.4355, 25.252176, 4.851943, 9713.91, 14.791483, 0.10985296, 2.2850618, 0.5350983, 372, 4
386, 572, 8549, starve, 333, 867.0, 7799.3447, 24.43894, 4.967694, 18468.97, 14.6467085, 0.10762773, 2.265796, 0.5368817, 371, 4
309, 537, 8551, starve, 293, 1271.0, 7917.713, 25.169561, 4.8993835, 19503.494, 15.034407, 0.10671191, 2.2436733, 0.5381193, 370, 4
454, 555, 8554, starve, 394, 720.0, 7873.054, 25.346386, 4.9379787, 10344.796, 14.6861925, 0.10822812, 2.2320678, 0.53886104, 369, 4
458, 515, 8556, starve, 396, 721.0, 7854.8413, 24.831198, 4.9991846, 10725.268, 14.959412, 0.10560942, 0.7416541, 0.8236928, 368, 4
368, 564, 8556, starve, 331, 929.0, 7800.65, 24.219955, 4.866965, 16353.115, 14.975233, 0.10972066, 2.2688947, 0.53029996, 367, 4
589, 569, 8559, starve, 332, 573.0, 7936.247, 24.80893, 4.9682813, 13848.824, 14.656167, 0.1551868, 2.2563488, 0.5376926, 366, 4
493, 561, 8563, starve, 421, 683.0, 8170.0444, 24.131207, 4.9026623, 6081.212, 15.079213, 0.15224802, 2.2771032, 0.53397, 365, 4
355, 558, 8564, starve, 327, 975.0, 7827.8623, 25.246372, 4.8715296, 13231.351, 325.45667, 0.10829878, 2.3452961, 0.52854276, 364, 4
704, 575, 8565, starve, 290, 475.0, 7952.2285, 24.693602, 4.916928, 18924.934, 321.91904, 0.10942992, 2.2949028, 0.5377266, 363, 4
446, 564, 8565, starve, 356, 753.0, 7915.711, 25.170952, 4.9552217, 18918.299, 14.920911, 0.108712174, 2.226908, 0.8319556, 362, 4
495, 527, 8566, starve, 308, 685.0, 7845.571, 25.10392, 4.9484534, 17393.162, 15.059388, 0.10842752, 2.3246608, 0.53520864, 361, 4
307, 554, 8567, starve, 295, 1287.0, 8002.123, 25.341284, 4.944511, 18264.486, 14.911307, 0.10763906, 2.2438304, 0.53941065, 360, 4
588, 502, 8568, starve, 314, 590.0, 8102.8257, 24.733007, 4.968725, 4355.449, 14.888281, 0.15470706, 0.7433072, 0.8453499, 359, 3
522, 514, 8568, starve, 417, 646.0, 7785.532, 24.107214, 4.91387, 2338.3542, 14.93215, 0.11060997, 2.283823, 0.5393037, 358, 3
615, 597, 8570, starve, 474, 545.0, 8184.043, 24.93935, 4.9182787, 14985.676, 321.12708, 0.1067778, 2.2240508, 0.5373376, 357, 3
662, 577, 8573, starve, 390, 510.0, 7998.829, 24.992508, 4.9232006, 5169.1523, 14.82515, 0.10744449, 2.2973483, 0.5383083, 356, 3
625, 541, 8573, starve, 454, 545.0, 7800.6826, 25.155716, 4.935823, 13000.974, 14.7230015, 0.10778253, 2.248713, 0.5362556, 355, 3
354, 542, 8573, starve, 327, 984.0, 7854.2476, 23.876102, 4.8806067, 10590.455, 14.693231, 0.10859355, 2.3130722, 0.53306544, 354, 3
382, 528, 8574, starve, 289, 900.0, 8024.852, 24.915089, 4.8989, 13776.395, 14.980398, 0.15382433, 0.741692, 0.8496562, 353, 3
500, 518, 8577, starve, 410, 691.0, 8019.0107, 25.427126, 4.9306207, 9292.619, 15.027022, 0.10595274, 2.3082619, 0.5328443, 352, 2
689, 590, 8581, starve, 333, 500.0, 7818.264, 25.18704, 4.8713117, 17625.732, 14.594334, 0.10847363, 2.2754705, 0.53304356, 351, 2
626, 537, 8583, starve, 454, 555.0, 7907.3447, 25.530771, 4.9206076, 18557.602, 14.81597, 0.10800093, 2.2255416, 0.5377342, 350, 2
340, 538, 8583, starve, 294, 1058.0, 7924.198, 24.89335, 4.8992605, 6437.9053, 14.911878, 0.15224326, 2.2646668, 0.53803396, 349, 2
671, 567, 8585, starve, 461, 520.0, 7899.53, 24.649153, 4.859639, 15812.497, 14.939048, 0.10783105, 2.2752657, 0.54594266, 348, 2
768, 630, 8586, murder, 356, 321.0, 7967.494, 24.610773, 4.951238, 9391.837, 14.965686, 0.10889959, 2.2074208, 0.82903725, 347, 2
603, 516, 8586, starve, 452, 590.0, 7846.54, 24.772738, 4.968901, 9532.636, 14.951738, 0.15509629, 2.2731864, 0.82847553, 346, 2
422, 540, 8586, starve, 44, 811.0, 7914.1206, 24.946392, 4.930489, 2931.7373, 317.68716, 0.109253846, 2.2686522, 0.5387104, 345, 2
419, 547, 8587, starve, 374, 814.0, 7997.755, 24.461765, 4.887133, 10727.145, 14.9751215, 0.108232886, 2.2409678, 0.5405829, 344, 1
538, 570, 8588, starve, 344, 650.0, 7890.9834, 24.644869, 4.858747, 15685.481, 318.78094, 0.108995736, 2.269857, 0.5339768, 343, 1
657, 538, 8595, starve, 500, 535.0, 7984.952, 25.640766, 4.91323, 15556.181, 14.942359, 0.10566173, 2.3047295, 0.83581364, 342, 1
660, 585, 8598, starve, 469, 535.0, 8060.614, 24.84024, 4.9831834, 15531.881, 14.969254, 0.15319853, 2.285281, 0.84139574, 341, 0
665, 552, 8599, starve, 447, 535.0, 8005.3584, 24.131983, 4.938531, 16929.13, 14.791258, 0.10697206, 2.2880998, 0.53792596, 340, 1
702, 507, 8602, starve, 449, 515.0, 7894.306, 24.549068, 4.8299594, 12936.348, 15.050573, 0.107018255, 0.7354603, 0.54115355, 339, 1
569, 534, 8602, starve, 464, 640.0, 7848.207, 24.131739, 4.8457656, 18711.703, 14.70092, 0.10787301, 2.2930331, 0.5427664, 338, 1
353, 503, 8603, starve, 309, 1026.0, 8039.7744, 25.419403, 4.922614, 12805.491, 14.982756, 0.15541755, 2.2401795, 0.54271466, 337, 1
352, 522, 8604, starve, 299, 1027.0, 8045.588, 25.384657, 4.9205813, 7817.936, 14.80866, 0.15446076, 2.2609491, 0.84941924, 336, 1
616, 585, 8605, starve, 391, 580.0, 7998.4277, 25.234198, 4.8661985, 18579.912, 323.86243, 0.10694137, 2.2967117, 0.5282679, 335, 1
688, 581, 8606, starve, 375, 525.0, 7853.728, 25.002409, 4.811714, 4695.3633, 14.812328, 0.108708024, 2.2783396, 0.5475394, 334, 1
393, 532, 8606, starve, 291, 892.0, 7913.68, 24.754978, 4.9364185, 7455.498, 14.769151, 0.10769363, 2.25279, 0.541582, 333, 1
417, 557, 8608, starve, 366, 846.0, 7777.5166, 24.15055, 4.9056907, 6537.836, 14.862464, 0.109853, 2.2672634, 0.52914214, 332, 1
596, 512, 8609, starve, 346, 615.0, 7801.194, 24.56676, 4.940869, 9184.09, 324.67313, 0.10771212, 2.3093567, 0.5341961, 331, 1
388, 598, 8609, starve, 296, 927.0, 7897.877, 24.635475, 4.8515296, 19911.215, 321.56778, 0.107963204, 2.2653875, 0.5420207, 330, 1
421, 553, 8610, starve, 44, 835.0, 7974.862, 24.730848, 4.909606, 19577.83, 317.28122, 0.108946644, 2.2699196, 0.5398679, 329, 1
533, 567, 8611, starve, 430, 679.0, 8008.044, 24.51484, 4.924677, 16085.562, 15.080448, 0.15453413, 2.2507691, 0.5358273, 328, 0
523, 523, 8612, starve, 400, 690.0, 7745.5024, 24.552568, 4.9004374, 17045.656, 14.8132105, 0.110405035, 2.2719762, 0.5302911, 327, 1
474, 558, 8612, starve, 407, 762.0, 7995.221, 25.185621, 4.9033494, 13794.125, 317.63785, 0.10752085, 2.2304778, 0.53047097, 326, 1
292, 589, 8617, starve, 213, 2039.0, 8093.6357, 24.538286, 4.9567437, 14634.056, 14.856385, 0.10767328, 2.229798, 0.8420202, 325, 1
407, 501, 8618, starve, 328, 883.0, 7970.0767, 25.207941, 4.9333396, 14077.922, 320.70984, 0.10645168, 2.3396308, 0.5317415, 324, 1
597, 531, 8619, starve, 346, 625.0, 7727.8076, 24.507248, 4.9761696, 18086.334, 325.8861, 0.10979199, 2.308888, 0.52921265, 323, 0
443, 559, 8619, starve, 294, 808.0, 7818.29, 24.903486, 4.9184327, 8040.11, 14.629163, 0.10939942, 2.2250373, 0.53894603, 322, 0
434, 514, 8622, starve, 311, 829.0, 7874.7207, 25.02355, 4.9055815, 10641.509, 15.102125, 0.10872383, 2.2767425, 0.5383075, 321, 1
731, 597, 8623, starve, 340, 500.0, 7873.081, 25.065077, 4.9304647, 1780.3479, 14.860688, 0.15332058, 2.2743793, 0.5393535, 320, 1
324, 531, 8624, starve, 307, 1214.0, 7946.184, 25.021265, 4.8678937, 11384.151, 15.10755, 0.10699242, 2.2588336, 0.5421887, 319, 1
290, 570, 8625, starve, 44, 2242.0, 8019.3125, 24.522758, 4.9244657, 9614.526, 318.79483, 0.10854022, 2.2784486, 0.54174536, 318, 1
691, 578, 8626, starve, 427, 545.0, 7951.3506, 24.906296, 4.8949804, 13937.42, 14.869382, 0.10795299, 2.2187836, 0.5318791, 317, 1
624, 556, 8628, starve, 454, 600.0, 7916.648, 25.367483, 4.928982, 4501.588, 14.744029, 0.107509196, 2.2534015, 0.5406565, 316, 1
666, 545, 8629, starve, 447, 565.0, 8001.5205, 25.309326, 4.9003687, 2672.8506, 15.152538, 0.10689599, 2.2990556, 0.53214055, 315, 1
591, 563, 8633, starve, 332, 647.0, 7877.94, 24.668, 4.9190726, 15168.049, 14.80999, 0.10837658, 2.3156824, 0.53228825, 314, 1
654, 548, 8635, starve, 500, 575.0, 7701.317, 25.020813, 4.8889747, 14777.75, 14.883338, 0.10905309, 2.2688632, 0.5277765, 313, 1
413, 544, 8635, starve, 312, 876.0, 8124.3467, 24.325417, 4.830536, 17499.424, 14.830409, 0.15368225, 2.3553734, 0.8513594, 312, 1
728, 590, 8636, starve, 292, 520.0, 8064.2554, 24.702646, 4.9445295, 19105.123, 14.99786, 0.10752963, 2.244598, 0.8374716, 311, 1
741, 516, 8640, starve, 394, 510.0, 7991.2056, 24.848114, 4.982456, 2623.1514, 14.6645155, 0.10670124, 2.240372, 0.53173596, 310, 1
740, 529, 8640, starve, 393, 510.0, 7931.8643, 24.862127, 4.9865956, 10000.314, 14.599915, 0.10722333, 2.2359905, 0.53856754, 309, 1
356, 606, 8640, starve, 303, 1038.0, 7911.9014, 24.587029, 4.94528, 3828.3486, 14.764711, 0.10772245, 2.2158651, 0.8348002, 308, 1
536, 558, 8644, starve, 371, 710.0, 7870.3975, 24.85287, 5.000485, 2734.016, 14.860531, 0.1075101, 2.2762396, 0.8543232, 307, 1
628, 537, 8649, starve, 288, 615.0, 7908.329, 24.66925, 4.95107, 11068.037, 14.795719, 0.15204212, 2.2623215, 0.84038335, 306, 1
629, 537, 8650, starve, 367, 615.0, 8043.7007, 24.207785, 4.936721, 2599.976, 14.759102, 0.1095727, 2.231283, 0.53414285, 305, 1
735, 543, 8651, starve, 336, 526.0, 7993.093, 24.543114, 4.9749312, 19628.506, 14.8806715, 0.10884125, 0.7509616, 0.55513805, 304, 1
716, 577, 8651, starve, 501, 555.0, 7931.204, 25.313005, 4.993711, 2812.1692, 321.10513, 0.10812407, 2.3017602, 0.53530055, 303, 1
593, 568, 8651, starve, 44, 660.0, 7908.549, 24.729548, 4.876182, 11378.655, 321.02133, 0.10923794, 2.269463, 0.5356439, 302, 1
435, 528, 8651, starve, 324, 852.0, 8015.666, 25.076422, 4.9578815, 4133.6924, 325.89908, 0.10834836, 2.2660594, 0.53717685, 301, 1
357, 602, 8655, starve, 303, 1053.0, 7928.517, 25.27121, 4.929164, 3770.7412, 14.767923, 0.10895905, 2.252944, 0.8326942, 300, 1
690, 591, 8656, starve, 427, 575.0, 8016.596, 24.670958, 4.9429193, 12387.863, 14.921929, 0.10780698, 2.2455158, 0.53244233, 299, 1
44, 595, 8658, starve, 12, 6260.0, 7941.6284, 24.737577, 4.9095716, 4506.674, 319.26074, 0.1088071, 2.2810144, 0.5375436, 298, 0
457, 505, 8659, starve, 399, 824.0, 7913.035, 24.964197, 5.0168858, 5353.797, 14.737542, 0.10612499, 0.74977523, 0.8313298, 297, 1
672, 562, 8660, starve, 461, 595.0, 7946.6157, 24.643753, 4.9054384, 16121.261, 14.760259, 0.10779044, 2.2795606, 0.53796494, 296, 0
640, 541, 8660, starve, 436, 622.0, 8009.4004, 24.792168, 4.9888964, 13776.28, 14.85573, 0.10628299, 2.233246, 0.5533224, 295, 0
693, 526, 8663, starve, 409, 580.0, 8039.8604, 25.022396, 4.9528546, 1999.5127, 14.891546, 0.10662424, 2.2780924, 0.53767246, 294, 1
554, 543, 8663, starve, 337, 714.0, 8047.463, 25.118286, 4.9253306, 19511.648, 15.094704, 0.107577525, 2.2898903, 0.8451839, 293, 1
539, 559, 8663, starve, 344, 725.0, 7873.6836, 24.607239, 4.877041, 13270.181, 316.18317, 0.10781479, 2.2131689, 0.53905725, 292, 1
580, 564, 8666, starve, 295, 696.0, 8038.4917, 25.025867, 4.920337, 17193.035, 318.68954, 0.107448675, 2.302035, 0.5499673, 291, 1
751, 554, 8667, starve, 617, 510.0, 7829.565, 23.85229, 4.939824, 12972.648, 14.823351, 0.11057689, 2.3485267, 0.8467564, 290, 1
749, 548, 8667, starve, 617, 510.0, 7939.104, 24.80503, 4.9086595, 9378.639, 14.892597, 0.15146524, 2.345342, 0.8578943, 289, 1
610, 549, 8667, starve, 492, 665.0, 8097.5713, 24.42157, 4.9232736, 17720.031, 314.07278, 0.10697388, 2.2522721, 0.5383759, 288, 1
734, 592, 8668, starve, 340, 545.0, 7971.0933, 24.651375, 4.9360585, 4060.3875, 14.787196, 0.15207203, 2.2450607, 0.5431624, 287, 0
668, 526, 8670, starve, 315, 605.0, 7987.516, 24.575125, 4.920702, 15260.83, 14.653269, 0.15290655, 0.7389643, 0.54733384, 286, 0
544, 537, 8670, starve, 352, 724.0, 8038.988, 25.420675, 4.953128, 8246.658, 14.80736, 0.15380806, 2.3018608, 0.84466046, 285, 0
526, 570, 8671, starve, 68, 744.0, 8109.8228, 24.337017, 4.9553633, 3892.2153, 318.10733, 0.10910261, 2.2117074, 0.5436646, 284, 1
540, 560, 8673, starve, 344, 735.0, 7908.1274, 24.809046, 4.8952847, 12396.75, 316.85718, 0.107847124, 2.3112648, 0.5330676, 283, 1
752, 542, 8675, starve, 307, 510.0, 7953.902, 24.531797, 4.9488373, 17330.459, 14.643598, 0.10815153, 2.2592475, 0.54212564, 282, 1
746, 557, 8677, starve, 430, 540.0, 8020.945, 24.199936, 4.943922, 7128.357, 15.063927, 0.15372755, 2.257967, 0.536158, 281, 1
623, 544, 8678, starve, 454, 650.0, 7962.875, 25.186876, 4.90789, 15901.781, 14.715967, 0.10741849, 2.2596095, 0.5427895, 280, 1
319, 584, 8679, starve, 44, 1278.0, 7963.2266, 24.553553, 4.8699756, 5596.9214, 319.88907, 0.10902798, 2.2975988, 0.53308904, 279, 1
736, 558, 8680, starve, 298, 555.0, 7991.5938, 24.995827, 4.936517, 16654.508, 14.86044, 0.15475202, 0.75042695, 0.55406326, 278, 1
667, 519, 8680, starve, 315, 615.0, 8030.6074, 24.719273, 4.9334946, 15235.756, 14.684157, 0.15402949, 0.74568874, 0.8309307, 277, 1
604, 513, 8680, starve, 401, 680.0, 8069.103, 25.236975, 4.964257, 2859.583, 323.18454, 0.107033096, 2.2560065, 0.8458871, 276, 1
559, 563, 8681, starve, 296, 730.0, 7989.8926, 24.409294, 4.926068, 3769.7073, 324.46213, 0.10795018, 2.2322195, 0.5382862, 275, 1
543, 524, 8681, starve, 352, 735.0, 8061.4893, 25.494362, 4.9536524, 4359.4287, 14.937336, 0.15400013, 2.2626038, 0.8491685, 274, 1
369, 532, 8682, starve, 308, 1048.0, 7739.009, 24.56533, 4.918887, 3126.985, 15.149859, 0.108237915, 2.2364922, 0.54870605, 273, 1
663, 583, 8683, starve, 390, 620.0, 7934.486, 24.981028, 4.8786907, 7806.173, 15.01877, 0.10812157, 2.3033073, 0.5425609, 272, 1
537, 550, 8684, starve, 371, 750.0, 7797.6587, 24.768194, 5.003473, 9185.664, 15.134694, 0.15797992, 0.7472774, 0.8534785, 271, 1
311, 535, 8684, starve, 131, 1393.0, 7815.294, 25.01582, 4.8846874, 12838.057, 14.9778595, 0.10921073, 2.265834, 0.5393678, 270, 1
409, 514, 8685, starve, 309, 939.0, 7884.973, 25.286953, 4.8715315, 19992.242, 14.92391, 0.1061947, 2.2593307, 0.54008013, 269, 1
684, 552, 8686, starve, 294, 615.0, 7740.308, 24.497679, 4.8854003, 16009.814, 14.796778, 0.10908079, 2.244691, 0.5351203, 268, 1
384, 514, 8687, starve, 315, 1012.0, 7936.9976, 24.784985, 4.951639, 8407.268, 14.590115, 0.15455724, 0.7535271, 0.84205717, 267, 1
743, 575, 8689, starve, 413, 555.0, 7961.0117, 25.331747, 4.815708, 9768.465, 14.768805, 0.15497628, 2.2722144, 0.84683645, 266, 1
509, 524, 8689, starve, 416, 795.0, 7855.3193, 24.567972, 4.90269, 9972.8, 14.800215, 0.10857419, 2.249697, 0.53184456, 265, 1
762, 606, 8690, starve, 359, 515.0, 7833.121, 24.010244, 4.8301654, 2485.2822, 14.792332, 0.10983999, 2.265013, 0.53447753, 264, 1
755, 548, 8690, starve, 386, 525.0, 8048.52, 24.352434, 4.929529, 15710.139, 14.885921, 0.10827214, 2.2544286, 0.53658825, 263, 1
723, 540, 8692, starve, 422, 585.0, 7916.0444, 24.768482, 4.9405665, 15495.759, 316.71057, 0.10650224, 2.281136, 0.5335916, 262, 1
733, 585, 8693, starve, 340, 570.0, 7868.782, 24.81011, 4.896123, 11724.16, 14.828216, 0.1513749, 2.262511, 0.53784305, 261, 1
732, 595, 8693, starve, 340, 570.0, 7965.6235, 24.745003, 4.9077306, 4631.675, 14.814865, 0.15274891, 2.245584, 0.54025704, 260, 1
317, 531, 8694, starve, 298, 1330.0, 7791.739, 25.164536, 4.884409, 5302.0566, 14.787475, 0.10813654, 2.2543843, 0.5409658, 259, 1
632, 526, 8695, starve, 367, 660.0, 8124.6494, 24.125757, 4.858836, 15569.821, 14.812682, 0.11067711, 2.306336, 0.5261163, 258, 1
720, 550, 8697, starve, 422, 590.0, 7837.205, 24.937416, 4.947771, 19821.617, 314.68726, 0.109072134, 2.2645946, 0.53738046, 257, 1
456, 510, 8698, murder, 396, 863.0, 7945.226, 24.943172, 4.9342237, 1045.1987, 15.016735, 0.15566573, 2.270504, 0.54627055, 256, 1
427, 555, 8698, starve, 340, 908.0, 7866.356, 24.791851, 4.960909, 15115.476, 14.778836, 0.15075812, 2.2493305, 0.5344634, 255, 1
754, 544, 8700, starve, 307, 535.0, 7756.386, 25.252552, 4.990175, 18575.305, 14.967146, 0.10820395, 2.2760758, 0.54082733, 254, 1
592, 553, 8701, starve, 44, 710.0, 7920.615, 24.941517, 4.8621936, 8046.66, 317.6922, 0.10983966, 2.2712998, 0.5357501, 253, 1
708, 543, 8702, starve, 439, 610.0, 8063.7236, 24.816854, 4.8924828, 14816.191, 320.23294, 0.1097727, 2.26304, 0.5263322, 252, 1
594, 525, 8704, starve, 346, 710.0, 7725.413, 24.836273, 4.979627, 8152.954, 323.72305, 0.10754548, 2.3389757, 0.5325278, 251, 1
383, 544, 8704, starve, 289, 1030.0, 8137.0596, 24.634212, 4.9636626, 6923.347, 14.758556, 0.15653475, 0.7419585, 0.84927315, 250, 1
570, 586, 8705, starve, 463, 743.0, 7859.0586, 24.582506, 4.9076133, 1669.2043, 14.8450775, 0.10880429, 2.278936, 0.53544664, 249, 0
747, 512, 8708, starve, 324, 570.0, 8007.9883, 25.055128, 4.8511863, 7394.798, 15.233904, 0.107225426, 2.2762363, 0.54334724, 248, 1
673, 558, 8710, starve, 453, 645.0, 7905.714, 24.936893, 4.937794, 18434.336, 14.8333, 0.10721599, 2.2740715, 0.54060596, 247, 1
426, 545, 8710, starve, 327, 925.0, 7865.5913, 25.360651, 4.881224, 15771.844, 14.531839, 0.107910566, 2.2369065, 0.545615, 246, 1
745, 564, 8712, starve, 533, 575.0, 7982.676, 24.319485, 4.9718385, 9120.949, 15.121995, 0.15504438, 2.2721097, 0.5326766, 245, 1
410, 513, 8715, starve, 309, 969.0, 7993.531, 25.26727, 4.8751707, 16489.13, 14.934611, 0.10596557, 2.2642903, 0.540384, 244, 1
405, 517, 8716, starve, 328, 981.0, 8012.244, 25.214928, 4.908347, 8166.1147, 14.753959, 0.107555814, 2.3104274, 0.54416823, 243, 1
709, 539, 8717, starve, 334, 625.0, 8044.163, 24.734015, 4.8887215, 3575.4482, 316.92545, 0.10930488, 2.2431164, 0.54519385, 242, 1
742, 583, 8719, starve, 357, 585.0, 7906.8784, 25.382261, 4.9223332, 1388.0403, 14.91584, 0.15396759, 2.267261, 0.83062625, 241, 1
680, 528, 8719, starve, 554, 650.0, 7998.398, 25.016794, 4.839093, 12347.219, 15.076988, 0.10842729, 2.3103793, 0.5441426, 240, 1
669, 522, 8720, starve, 315, 655.0, 8002.135, 24.471891, 4.922478, 17707.826, 14.670614, 0.15252121, 0.74868345, 0.84529537, 239, 1
469, 566, 8723, starve, 288, 878.0, 7866.5137, 24.881144, 4.9388676, 7419.4688, 14.933718, 0.1546112, 2.2741234, 0.8397787, 238, 1
677, 510, 8724, starve, 417, 655.0, 7705.8867, 24.481943, 4.955583, 1997.7776, 14.950277, 0.11040271, 2.266142, 0.5295154, 237, 1
664, 530, 8724, starve, 493, 660.0, 8015.693, 25.376966, 4.9079766, 13410.61, 15.04436, 0.15082963, 2.2698119, 0.53467196, 236, 1
630, 530, 8725, starve, 367, 690.0, 8184.31, 24.269176, 4.9211726, 18418.33, 14.902264, 0.11135814, 2.3152647, 0.5266035, 235, 1
381, 521, 8726, starve, 289, 1052.0, 8088.572, 25.059189, 4.9650187, 1082.9253, 15.27807, 0.1543437, 0.7411429, 0.83778834, 234, 1
552, 544, 8729, starve, 337, 780.0, 8096.057, 25.389063, 4.850863, 17588.676, 15.149344, 0.10746143, 2.274139, 0.8489145, 233, 1
428, 546, 8729, starve, 341, 939.0, 7832.6377, 24.640364, 4.8831887, 18298.27, 15.005607, 0.1515912, 2.2325997, 0.5408667, 232, 1
519, 526, 8730, starve, 368, 810.0, 8002.5605, 24.147346, 4.9004107, 2912.5654, 15.023839, 0.15367185, 0.75230354, 0.85539496, 231, 1
767, 545, 8731, starve, 354, 525.0, 7815.53, 23.809853, 4.8487062, 2973.3064, 14.681693, 0.109253705, 2.3284128, 0.54295784, 230, 1
562, 586, 8731, starve, 440, 770.0, 8076.3726, 24.291159, 4.9231663, 12367.382, 317.49823, 0.10865771, 2.270149, 0.5431281, 229, 1
475, 550, 8735, starve, 407, 885.0, 8002.56, 24.841974, 4.934296, 5045.924, 323.6063, 0.1055759, 2.3610997, 0.5429354, 228, 1
750, 565, 8737, starve, 565, 580.0, 7942.2705, 23.897543, 4.840494, 9565.601, 14.86986, 0.110179454, 2.3297398, 0.85066473, 227, 1
744, 563, 8737, starve, 430, 600.0, 7961.4146, 24.550594, 4.946757, 9475.295, 15.103856, 0.15388152, 2.2686682, 0.53501654, 226, 1
748, 506, 8738, starve, 324, 600.0, 7873.2637, 24.146395, 4.8320684, 1980.5503, 14.623884, 0.106815964, 2.2388387, 0.5467742, 225, 1
681, 533, 8739, starve, 554, 670.0, 8001.75, 24.289001, 4.8752093, 13005.591, 15.004934, 0.107634135, 2.2263622, 0.5386737, 224, 1
481, 540, 8741, starve, 300, 882.0, 8164.5654, 24.618393, 4.9598403, 16108.951, 15.043346, 0.10767265, 2.2711248, 0.5433206, 223, 1
655, 526, 8745, starve, 500, 685.0, 7730.752, 25.063765, 4.8877177, 4269.0137, 15.129125, 0.10539713, 2.2350287, 0.53444856, 222, 1
721, 528, 8747, starve, 370, 640.0, 7916.261, 25.180136, 4.91621, 7657.641, 14.9612465, 0.106517375, 2.2953663, 0.5353861, 221, 1
532, 556, 8747, starve, 430, 815.0, 7915.048, 24.178991, 4.934257, 9022.747, 15.10682, 0.15407558, 2.2411509, 0.5342607, 220, 1
308, 553, 8748, starve, 293, 1468.0, 7948.6553, 25.112434, 4.91114, 15123.486, 15.023385, 0.107414, 2.2586179, 0.5385644, 219, 1
687, 597, 8752, starve, 470, 680.0, 7934.376, 24.841087, 5.0047684, 9817.037, 15.058548, 0.10758684, 2.258404, 0.53233296, 218, 1
676, 585, 8753, starve, 297, 685.0, 7920.1353, 25.006264, 4.8782344, 7225.8823, 14.95202, 0.108669676, 2.294308, 0.5402534, 217, 1
674, 591, 8753, starve, 297, 685.0, 7995.856, 24.89219, 4.830616, 16005.713, 14.90471, 0.10798614, 2.2844443, 0.54201597, 216, 1
400, 528, 8756, starve, 321, 1033.0, 8085.1377, 24.70139, 4.9027233, 4373.6045, 15.028886, 0.15601726, 2.2695813, 0.5340613, 215, 1
487, 548, 8758, starve, 316, 889.0, 8036.6855, 24.5814, 4.9160137, 18476.084, 14.981811, 0.10882907, 2.254177, 0.53499347, 214, 1
442, 563, 8758, starve, 294, 947.0, 7977.208, 24.759525, 4.892632, 8712.873, 14.650538, 0.10755927, 2.2366474, 0.5379792, 213, 1
717, 568, 8761, starve, 473, 665.0, 7832.325, 25.200819, 4.8699336, 13213.229, 15.156539, 0.10649239, 2.2967002, 0.53220457, 212, 1
578, 556, 8764, starve, 328, 794.0, 7808.171, 24.948519, 4.94656, 13719.324, 319.27097, 0.107699834, 2.319165, 0.545094, 211, 1
560, 523, 8764, starve, 455, 810.0, 7813.5444, 24.697868, 5.0371056, 3486.5127, 14.968639, 0.15370898, 0.73763376, 0.82101506, 210, 1
348, 531, 8766, starve, 328, 1203.0, 7982.1343, 24.88679, 4.9076824, 18272.93, 15.177627, 0.106264114, 2.2833471, 0.54214925, 209, 1
416, 536, 8767, starve, 366, 1005.0, 7831.1807, 24.411596, 4.881418, 3104.888, 14.87452, 0.1105891, 2.2996547, 0.52993315, 208, 1
769, 573, 8768, starve, 640, 500.0, 8006.225, 25.024883, 5.0266824, 6129.027, 316.70938, 0.10832775, 2.2184448, 0.5355235, 207, 0
306, 553, 8770, starve, 293, 1490.0, 7988.996, 25.05862, 4.9068356, 15191.209, 322.76263, 0.10776184, 2.313667, 0.5301797, 206, 0
461, 582, 8771, starve, 297, 931.0, 7982.7754, 24.823212, 4.886468, 4408.0127, 14.736613, 0.10824018, 2.278401, 0.5453468, 205, 1
644, 502, 8772, starve, 353, 730.0, 8082.5835, 25.383263, 4.902736, 11125.608, 15.059113, 0.15554433, 2.2435534, 0.54035354, 204, 1
374, 580, 8772, starve, 297, 1116.0, 7941.6465, 24.655342, 4.8577085, 1022.6192, 14.90068, 0.108369194, 2.3052437, 0.54073745, 203, 1
460, 521, 8773, starve, 346, 936.0, 7831.394, 25.1931, 4.9923058, 12024.662, 14.965426, 0.107850134, 2.28089, 0.52483875, 202, 1
420, 532, 8775, starve, 373, 1002.0, 8178.579, 24.458609, 4.904237, 19952.055, 15.152659, 0.109102875, 2.2234619, 0.8375011, 201, 1
715, 535, 8776, starve, 580, 680.0, 7944.15, 24.81823, 4.969137, 18527.137, 322.49658, 0.1062507, 2.3080847, 0.55036455, 200, 1
586, 539, 8776, starve, 345, 800.0, 8023.221, 25.36151, 4.9083614, 5900.15, 326.18457, 0.10895179, 2.2309358, 0.52914476, 199, 1
770, 567, 8778, starve, 421, 510.0, 7910.9146, 24.79137, 4.866968, 17627.643, 318.79645, 0.10561525, 2.2844622, 0.55638725, 198, 0
707, 602, 8786, starve, 503, 695.0, 7939.8867, 24.863361, 4.8322268, 6608.2607, 323.58405, 0.10723834, 2.2731314, 0.54505396, 197, 1
517, 529, 8790, starve, 299, 870.0, 8051.726, 24.384214, 4.9402623, 11093.834, 14.907531, 0.15395983, 0.7482923, 0.8563595, 196, 1
587, 526, 8791, starve, 345, 815.0, 7995.122, 25.190102, 4.946651, 9249.383, 323.9676, 0.10853949, 2.2410197, 0.5382164, 195, 1
551, 505, 8793, starve, 329, 845.0, 8079.482, 25.454483, 4.9614115, 9388.513, 320.50168, 0.10762653, 2.3203437, 0.52914166, 194, 1
304, 535, 8794, starve, 301, 1522.0, 7803.675, 24.189018, 4.899175, 4488.2686, 14.754133, 0.10999554, 2.3075664, 0.5434737, 193, 1
718, 547, 8797, starve, 330, 695.0, 7875.154, 25.047447, 4.8931913, 15198.763, 15.011991, 0.10981259, 0.73045796, 0.5443013, 192, 1
303, 612, 8797, starve, 288, 1572.0, 7985.8716, 24.398869, 4.9537854, 10288.938, 14.733988, 0.108596064, 2.2359445, 0.84064144, 191, 1
463, 604, 8798, starve, 297, 958.0, 7944.6963, 24.641378, 4.875862, 18270.684, 14.692505, 0.10780012, 2.2833598, 0.5365478, 190, 1
337, 519, 8799, starve, 293, 1275.0, 7966.7183, 24.948948, 4.885653, 5570.5596, 15.05796, 0.10785444, 2.2689943, 0.84388494, 189, 1
336, 557, 8799, starve, 290, 1286.0, 8035.4614, 24.647303, 4.9670734, 8351.372, 317.24533, 0.10852872, 2.283271, 0.5510534, 188, 1
656, 551, 8800, starve, 418, 740.0, 7810.1953, 25.501312, 4.8851447, 7040.828, 14.816615, 0.1085877, 2.2380993, 0.5360525, 187, 1
556, 509, 8800, starve, 432, 850.0, 7865.4224, 24.90207, 4.8395405, 5196.8022, 15.221691, 0.110558935, 2.2789936, 0.5415452, 186, 1
391, 560, 8800, starve, 338, 1101.0, 8107.2705, 25.04066, 4.8939943, 9275.381, 323.8408, 0.10734934, 2.3010442, 0.54140717, 185, 1
444, 548, 8806, starve, 294, 995.0, 7874.1553, 25.043419, 4.9770236, 2052.29, 14.580715, 0.10827104, 2.2535505, 0.54284996, 184, 1
398, 545, 8807, starve, 323, 1091.0, 7989.2583, 25.015133, 4.9996767, 6045.5117, 14.886917, 0.15418638, 0.7408208, 0.8450804, 183, 0
508, 516, 8809, starve, 419, 915.0, 8068.733, 24.241327, 4.853133, 6574.944, 15.06202, 0.10907149, 2.2205307, 0.52715576, 182, 1
722, 545, 8812, starve, 422, 705.0, 7901.228, 24.934105, 4.919703, 17533.146, 318.09216, 0.10615188, 2.2904215, 0.5408798, 181, 1
573, 603, 8813, starve, 305, 848.0, 7660.5513, 24.250628, 4.9735827, 9393.081, 14.939048, 0.10873457, 2.251343, 0.8462434, 180, 1
441, 525, 8817, starve, 325, 1015.0, 8048.1196, 25.24684, 4.936878, 3462.7078, 14.950456, 0.10709047, 2.270359, 0.54239243, 179, 1
699, 608, 8821, starve, 331, 735.0, 7932.0815, 24.888943, 4.8754063, 12871.091, 14.899344, 0.10922803, 2.2693665, 0.54248184, 178, 1
452, 540, 8821, starve, 318, 992.0, 7785.9077, 24.518, 4.975241, 19624.393, 15.104932, 0.15327257, 2.2524204, 0.8357391, 177, 1
363, 517, 8830, starve, 318, 1210.0, 7759.7607, 25.064882, 4.9452434, 9154.881, 14.976972, 0.10963791, 2.3056633, 0.5378761, 176, 1
527, 586, 8831, starve, 68, 904.0, 8008.743, 24.767363, 4.935584, 16765.717, 320.65146, 0.107696064, 2.245197, 0.5361987, 175, 1
651, 565, 8836, starve, 532, 785.0, 7847.9453, 24.079443, 4.9310617, 9362.722, 15.139556, 0.15184394, 2.2514153, 0.5439759, 174, 1
564, 515, 8836, starve, 304, 875.0, 7805.368, 24.212616, 4.9121275, 17361.055, 14.861226, 0.110658616, 2.3236477, 0.5435159, 173, 1
294, 574, 8838, starve, 131, 1871.0, 7861.58, 24.928284, 4.928668, 2126.4565, 14.709461, 0.108493574, 2.2446764, 0.53800327, 172, 1
753, 528, 8840, starve, 307, 675.0, 8033.543, 25.586578, 4.944368, 6244.8022, 14.813939, 0.107937306, 2.229875, 0.5370194, 171, 1
773, 554, 8842, starve, 369, 500.0, 7720.841, 24.532715, 4.8713536, 19846.84, 15.123713, 0.1075224, 2.2209637, 0.54118454, 170, 1
772, 573, 8842, starve, 369, 500.0, 7699.9146, 24.35132, 4.9183393, 15549.726, 15.119906, 0.108131714, 2.2468622, 0.5481795, 169, 1
771, 569, 8842, starve, 369, 500.0, 7694.1533, 24.55509, 4.9586496, 19376.955, 15.029916, 0.10863322, 2.1993518, 0.54506934, 168, 1
553, 529, 8849, starve, 337, 900.0, 8044.53, 24.821651, 4.8383713, 17809.848, 15.0512085, 0.10725051, 2.2625926, 0.84570885, 167, 1
757, 530, 8850, starve, 309, 680.0, 7898.2876, 25.42028, 4.8642874, 19983.664, 14.899482, 0.10722955, 2.2528684, 0.5356765, 166, 1
504, 521, 8854, starve, 315, 960.0, 7954.028, 24.650148, 4.8961797, 17305.172, 14.753487, 0.15537985, 0.7489714, 0.8490261, 165, 1
700, 618, 8860, murder, 331, 774.0, 7891.709, 24.42783, 4.8835177, 14000.533, 14.837972, 0.11072642, 2.2825341, 0.55098766, 164, 1
432, 514, 8860, murder, 311, 1067.0, 7911.418, 25.125334, 4.870703, 10904.39, 15.03618, 0.10970547, 2.273822, 0.5433479, 163, 1
714, 524, 8866, starve, 580, 770.0, 8043.6836, 25.275732, 4.959273, 15892.089, 322.7124, 0.10559274, 2.3591871, 0.5544152, 162, 1
609, 546, 8867, starve, 481, 865.0, 7999.92, 24.574314, 4.932217, 1097.6636, 15.13613, 0.106627785, 2.2899284, 0.5391556, 161, 1
546, 547, 8867, starve, 355, 920.0, 7884.904, 25.401403, 4.890767, 7118.526, 326.0132, 0.107475676, 2.3553925, 0.52640814, 160, 1
346, 517, 8868, starve, 329, 1313.0, 7750.5513, 24.98677, 4.920262, 14452.093, 325.23627, 0.10871083, 2.3283656, 0.5243884, 159, 1
561, 521, 8869, starve, 458, 915.0, 7793.2407, 24.769323, 4.988054, 17188.516, 15.315474, 0.1541687, 0.7527617, 0.82024515, 158, 1
758, 538, 8875, starve, 309, 705.0, 7989.1357, 24.951942, 4.8500905, 18544.25, 14.816127, 0.11027023, 2.302066, 0.5376135, 157, 1
322, 528, 8877, starve, 308, 1467.0, 8058.24, 25.289482, 4.945058, 10843.596, 14.823661, 0.10684847, 2.2488182, 0.5396634, 156, 1
692, 525, 8878, starve, 409, 795.0, 7806.581, 25.04827, 4.956869, 14770.739, 14.896567, 0.104982, 2.2515242, 0.5443694, 155, 1
661, 566, 8878, starve, 469, 815.0, 7950.6763, 25.057726, 4.9623575, 2315.888, 14.995016, 0.10751449, 2.2995107, 0.5384259, 154, 1
518, 520, 8878, starve, 299, 958.0, 7983.0845, 24.645725, 4.9188223, 2622.757, 14.980418, 0.15483238, 0.74569607, 0.84479535, 153, 1
737, 561, 8880, starve, 298, 755.0, 8088.8374, 24.750322, 4.947947, 4887.4404, 14.855533, 0.15322277, 0.7493026, 0.8360238, 152, 1
555, 508, 8880, starve, 432, 930.0, 7943.8237, 25.081127, 4.919043, 1394.542, 15.159817, 0.10977479, 2.2860873, 0.5477751, 151, 1
686, 564, 8882, starve, 470, 810.0, 8034.1997, 24.870468, 4.929396, 4972.2783, 15.052183, 0.10744992, 2.269672, 0.5301868, 150, 1
377, 519, 8883, starve, 301, 1215.0, 7860.093, 23.98684, 4.8547497, 5815.3276, 14.734053, 0.108394034, 2.3087573, 0.5414886, 149, 1
627, 564, 8884, starve, 288, 850.0, 7850.9307, 24.588667, 4.9827876, 12535.394, 14.921014, 0.15171583, 2.286197, 0.8471555, 148, 1
706, 587, 8886, starve, 503, 795.0, 7848.8657, 24.779846, 4.924781, 5821.9346, 320.11978, 0.10629211, 2.3057578, 0.54101795, 147, 1
505, 536, 8890, starve, 315, 996.0, 7993.131, 24.354761, 4.9826493, 15084.07, 14.686057, 0.15329754, 0.7410279, 0.83600676, 146, 1
675, 591, 8893, starve, 297, 825.0, 7881.855, 25.135355, 4.8546553, 5712.1963, 14.821148, 0.108748, 2.2979033, 0.54300255, 145, 1
408, 545, 8894, starve, 213, 1154.0, 7995.0723, 24.637115, 4.945743, 14993.14, 14.8868, 0.1555859, 0.74434704, 0.83766073, 144, 1
647, 581, 8895, starve, 527, 845.0, 7996.383, 24.616465, 4.95507, 15548.797, 14.709702, 0.10873542, 2.223568, 0.5412488, 143, 1
542, 519, 8895, starve, 323, 955.0, 7977.671, 24.958118, 4.985786, 1747.1863, 15.120869, 0.107284024, 2.2453136, 0.5386879, 142, 1
332, 561, 8896, starve, 302, 1419.0, 7891.748, 24.690193, 4.935823, 6491.1094, 14.790438, 0.10786542, 2.2947571, 0.5366041, 141, 1
682, 521, 8899, starve, 419, 830.0, 7932.2144, 24.501366, 4.973989, 13931.424, 14.980589, 0.10740632, 2.2514715, 0.53598875, 140, 1
531, 539, 8901, starve, 430, 969.0, 8047.8745, 24.49991, 4.931496, 2078.9814, 14.907349, 0.15259448, 2.2160056, 0.54329616, 139, 1
507, 596, 8904, starve, 388, 1010.0, 7891.9316, 24.763794, 4.9071455, 14744.192, 326.36005, 0.108642176, 2.2570913, 0.5409997, 138, 1
288, 532, 8904, starve, 213, 2713.0, 7857.8867, 24.678982, 4.9369545, 2199.0593, 14.832344, 0.15321828, 2.2781365, 0.84797674, 137, 1
302, 552, 8911, starve, 131, 1777.0, 7820.495, 24.319757, 4.912086, 11208.413, 14.86919, 0.10893006, 2.2861457, 0.5335684, 136, 1
694, 518, 8913, starve, 409, 830.0, 7969.2197, 24.985842, 4.9788823, 12624.306, 14.677466, 0.10686395, 2.2607079, 0.53508586, 135, 1
468, 564, 8913, starve, 288, 1068.0, 7857.94, 24.660969, 4.9662833, 17572.896, 14.8721, 0.1521071, 2.2683601, 0.8443648, 134, 1
380, 538, 8914, starve, 322, 1241.0, 8008.301, 25.089996, 4.933682, 2497.2627, 14.787435, 0.10598757, 2.2686737, 0.5385664, 133, 1
670, 550, 8915, starve, 461, 850.0, 8058.5156, 24.826128, 4.8933215, 5535.6587, 14.961043, 0.107536554, 2.2886982, 0.54125255, 132, 1
318, 543, 8919, starve, 294, 1555.0, 7825.564, 24.91645, 4.933119, 7857.34, 14.847442, 0.10930979, 0.73752975, 0.5359636, 131, 1
618, 533, 8920, starve, 484, 895.0, 7895.4644, 25.051495, 4.8672037, 14067.574, 14.974363, 0.15422022, 2.2743561, 0.86167026, 130, 1
725, 546, 8922, starve, 589, 810.0, 7920.775, 25.19979, 4.8988414, 6461.3315, 14.75015, 0.108410686, 2.251345, 0.5451054, 129, 1
312, 519, 8925, starve, 300, 1627.0, 8112.499, 24.5125, 4.9330363, 12691.735, 14.8869705, 0.15478277, 2.2441275, 0.852924, 128, 1
727, 533, 8927, starve, 317, 815.0, 7804.634, 25.411783, 4.8729057, 7459.2827, 14.904187, 0.10851278, 2.2752745, 0.53741306, 127, 1
296, 560, 8927, starve, 293, 1823.0, 7920.8135, 24.880415, 4.862872, 7528.6294, 322.53607, 0.10770409, 2.269921, 0.5395278, 126, 1
759, 598, 8933, starve, 462, 760.0, 7871.6675, 24.91276, 4.8336086, 8654.373, 14.680882, 0.109391496, 2.2523737, 0.53395045, 125, 1
439, 514, 8937, starve, 304, 1135.0, 7847.4077, 24.176067, 4.9339623, 16988.176, 14.653379, 0.10973214, 2.2933116, 0.5424267, 124, 1
639, 531, 8938, starve, 436, 900.0, 7689.14, 24.55201, 4.9571977, 16493.326, 15.261692, 0.10821064, 2.252689, 0.55885285, 123, 1
498, 518, 8939, starve, 398, 1055.0, 8032.7524, 24.78886, 4.9524693, 5120.9775, 14.907133, 0.10748987, 0.74440575, 0.5342746, 122, 1
418, 585, 8940, starve, 347, 1176.0, 7771.7964, 25.154541, 4.932222, 11420.688, 14.847239, 0.108957924, 2.256374, 0.8354942, 121, 1
606, 527, 8945, starve, 322, 945.0, 8112.4595, 25.052044, 4.9669676, 2159.3657, 323.01556, 0.15614241, 2.27111, 0.5409004, 120, 1
345, 533, 8945, starve, 317, 1390.0, 7997.496, 25.291985, 4.9518175, 15389.614, 324.92383, 0.10827112, 2.2386048, 0.5300072, 119, 1
756, 535, 8950, starve, 464, 780.0, 7910.03, 25.30305, 4.8921933, 4196.038, 15.045946, 0.11079756, 2.228013, 0.5335803, 118, 1
738, 559, 8950, starve, 336, 825.0, 7960.2393, 25.071285, 4.924989, 7711.404, 316.13898, 0.15362206, 0.7396578, 0.8432358, 117, 1
713, 530, 8951, starve, 407, 855.0, 8015.82, 25.209244, 4.907769, 15493.467, 321.40546, 0.10808593, 2.3622198, 0.52865314, 116, 1
683, 558, 8951, starve, 369, 880.0, 7854.125, 24.85662, 4.958454, 16908.418, 14.595122, 0.10777171, 2.2457929, 0.55341125, 115, 1
310, 548, 8952, starve, 131, 1661.0, 7831.0674, 24.99075, 4.881989, 11600.827, 14.995501, 0.10789291, 2.275936, 0.54221815, 114, 1
712, 525, 8956, starve, 580, 860.0, 8118.2837, 25.254303, 4.944407, 2233.6614, 321.20547, 0.108024865, 2.3443072, 0.52828985, 113, 1
547, 555, 8957, starve, 355, 1010.0, 7874.216, 25.147234, 4.87371, 14878.465, 14.998351, 0.10637341, 2.2841253, 0.83930504, 112, 1
483, 516, 8958, starve, 348, 1095.0, 8025.055, 24.966656, 4.916482, 1814.9827, 14.886176, 0.10641945, 2.3012326, 0.5437027, 111, 1
395, 553, 8959, starve, 131, 1245.0, 7844.2334, 25.134785, 4.9187264, 9933.907, 14.733723, 0.10784058, 2.2444594, 0.5390582, 110, 1
685, 559, 8961, starve, 369, 890.0, 7814.2856, 24.769772, 4.9165454, 5112.272, 14.596434, 0.10804556, 2.2512128, 0.53772944, 109, 1
577, 512, 8964, starve, 381, 995.0, 8113.2007, 24.483587, 4.9368367, 2003.1196, 14.643234, 0.15526399, 0.7388447, 0.8340931, 108, 1
541, 514, 8965, starve, 411, 1025.0, 8007.567, 25.1394, 4.9928374, 16242.52, 15.057098, 0.105941124, 2.236297, 0.54062784, 107, 1
726, 549, 8967, starve, 317, 855.0, 7812.108, 25.334377, 4.878319, 2103.8726, 14.797551, 0.10821499, 2.2370367, 0.5368967, 106, 1
701, 507, 8967, starve, 449, 880.0, 7810.0947, 24.901814, 4.8619776, 14845.358, 14.971476, 0.10694795, 0.73936653, 0.5437084, 105, 1
350, 537, 8968, starve, 213, 1395.0, 8016.4985, 24.30801, 4.9824424, 10346.712, 14.970439, 0.15451868, 2.251156, 0.8413164, 104, 1
646, 533, 8970, starve, 131, 920.0, 7915.767, 24.925964, 4.9139647, 13700.855, 14.812794, 0.109510995, 2.2608204, 0.5368765, 103, 1
325, 539, 8970, starve, 307, 1560.0, 8006.8555, 25.272955, 4.900144, 4130.653, 14.888275, 0.1077087, 2.2555864, 0.5377475, 102, 1
602, 535, 8971, starve, 452, 975.0, 7893.1177, 24.936932, 4.918391, 12521.631, 14.877261, 0.15296702, 2.2491148, 0.8310869, 101, 1
599, 588, 8971, starve, 358, 975.0, 7887.4033, 24.692429, 4.8580513, 6727.891, 318.54245, 0.107723035, 2.220813, 0.53307796, 100, 1
658, 516, 8976, starve, 410, 915.0, 7948.759, 25.040348, 4.9482327, 12864.924, 14.932452, 0.10628022, 2.2695978, 0.54347664, 99, 1
362, 517, 8976, starve, 305, 1356.0, 7899.552, 24.946205, 4.918707, 5900.03, 14.908062, 0.108483635, 2.2917116, 0.5446855, 98, 1
295, 556, 8984, starve, 293, 1880.0, 7966.9224, 25.125093, 4.941009, 4335.8096, 320.64993, 0.107841834, 2.29343, 0.5401042, 97, 1
424, 540, 8985, starve, 327, 1200.0, 7874.104, 25.366278, 4.8724623, 19286.064, 14.714398, 0.10829377, 2.2458243, 0.5424617, 96, 1
297, 577, 8988, starve, 291, 1884.0, 7993.616, 24.88817, 4.84192, 8906.063, 14.852052, 0.10750784, 2.282494, 0.5416649, 95, 1
499, 538, 8989, starve, 398, 1105.0, 8087.2236, 24.78496, 5.011876, 8421.891, 14.904269, 0.10867786, 0.7459718, 0.842623, 94, 1
465, 533, 8989, starve, 404, 1147.0, 7964.3535, 24.53975, 4.8577456, 2821.143, 14.641417, 0.15324725, 2.281737, 0.8551541, 93, 1
451, 515, 8989, starve, 318, 1160.0, 7753.357, 24.71693, 4.9260855, 12869.959, 14.753639, 0.10892776, 0.74222475, 0.5363787, 92, 1
557, 519, 8990, starve, 432, 1040.0, 7878.0845, 24.850964, 4.9268765, 10368.108, 15.01985, 0.108142264, 2.2829523, 0.5469331, 91, 1
563, 553, 8991, starve, 290, 1030.0, 7975.942, 25.156744, 4.9062877, 19852.395, 321.4945, 0.10846629, 2.2603827, 0.5469427, 90, 0
502, 574, 8993, starve, 291, 1101.0, 7922.597, 24.721298, 4.929554, 2428.6453, 14.698736, 0.10780383, 2.3001378, 0.5433083, 89, 1
611, 574, 8997, starve, 481, 995.0, 8007.615, 24.61879, 4.938734, 9406.38, 312.73447, 0.108679675, 2.3054943, 0.52655256, 88, 1
645, 515, 9000, starve, 131, 950.0, 7946.8423, 25.263763, 4.8781815, 7752.9536, 14.79454, 0.109156296, 2.2446454, 0.5362804, 87, 1
614, 522, 9002, starve, 309, 990.0, 7873.825, 25.180288, 4.8596754, 5127.0444, 14.946972, 0.1067337, 2.2612252, 0.54169077, 86, 1
390, 576, 9009, starve, 295, 1310.0, 7985.4033, 25.08492, 4.9200745, 9889.695, 15.017597, 0.10749503, 2.3053885, 0.5405566, 85, 1
766, 568, 9016, starve, 354, 810.0, 7850.546, 24.037485, 4.897809, 7631.755, 14.775567, 0.109106265, 2.3289943, 0.534995, 84, 1
338, 514, 9021, starve, 293, 1497.0, 8076.2446, 25.076683, 4.8573246, 12592.934, 14.91952, 0.10780589, 2.2673278, 0.84008324, 83, 1
323, 534, 9022, starve, 308, 1612.0, 7975.4663, 24.920835, 4.9466615, 16346.72, 15.03207, 0.10674409, 2.2632763, 0.5380531, 82, 1
472, 523, 9025, starve, 293, 1177.0, 8053.7964, 25.02173, 4.864607, 15166.078, 14.809702, 0.10742956, 2.2337146, 0.5367313, 81, 1
590, 563, 9026, starve, 332, 1040.0, 7878.4937, 24.69271, 4.908176, 13760.59, 14.814165, 0.10767596, 2.2792168, 0.53923184, 80, 1
486, 588, 9027, starve, 316, 1158.0, 8040.3804, 25.129805, 4.9515777, 2162.7993, 14.924342, 0.15501635, 2.25565, 0.5336119, 79, 1
459, 520, 9029, starve, 301, 1192.0, 7673.381, 25.170303, 4.96322, 13148.552, 14.804825, 0.10905, 2.2733643, 0.5466629, 78, 1
213, 539, 9031, starve, 11, 5777.0, 8063.0312, 24.719568, 4.938728, 12767.781, 14.768567, 0.15437315, 0.7480165, 0.84115726, 77, 1
525, 543, 9032, starve, 417, 1110.0, 7758.8687, 23.924353, 4.899534, 9177.871, 15.115726, 0.109060995, 2.2762752, 0.5291466, 76, 1
131, 562, 9034, starve, 102, 6002.0, 7885.817, 24.962698, 4.920316, 2167.377, 14.856967, 0.108674936, 2.2650385, 0.5369314, 75, 1
620, 558, 9035, starve, 465, 1010.0, 7923.96, 24.658365, 4.932401, 6578.4956, 15.133604, 0.15316841, 2.3137367, 0.8545649, 74, 1
462, 596, 9035, starve, 332, 1195.0, 7826.1426, 24.933708, 4.817567, 10618.8955, 14.776533, 0.10812457, 2.2689106, 0.537107, 73, 1
376, 584, 9036, starve, 297, 1380.0, 7863.983, 25.092772, 4.837186, 3258.1204, 14.822753, 0.10837311, 2.2910194, 0.5381935, 72, 1
698, 615, 9041, starve, 331, 955.0, 7980.5986, 24.631811, 4.909066, 18917.098, 14.665305, 0.10957318, 2.2924466, 0.5444425, 71, 1
327, 506, 9041, starve, 304, 1624.0, 7811.171, 24.024714, 4.8786507, 3345.1306, 14.609119, 0.11006652, 2.3293593, 0.5402408, 70, 1
638, 517, 9042, starve, 443, 1005.0, 8031.0376, 24.967648, 4.9100404, 5222.837, 14.742401, 0.11033289, 2.2048683, 0.5378987, 69, 1
608, 500, 9051, starve, 489, 1050.0, 8019.427, 25.219822, 4.831676, 10460.961, 14.859092, 0.10732689, 2.3165123, 0.5470286, 68, 1
719, 544, 9052, starve, 318, 950.0, 7784.5767, 24.17437, 4.8892345, 19661.135, 14.959833, 0.15638769, 2.2924602, 0.5361423, 67, 1
329, 531, 9053, starve, 305, 1632.0, 8023.556, 25.23314, 4.9454165, 16422.45, 322.402, 0.10717508, 2.3185534, 0.5265519, 66, 1
365, 505, 9055, starve, 310, 1430.0, 7760.273, 25.20326, 4.9100637, 3604.5032, 15.057242, 0.10813671, 2.253981, 0.5359905, 65, 1
572, 592, 9057, starve, 463, 1095.0, 7904.3096, 24.630476, 4.905179, 1692.6287, 14.5748, 0.15186346, 2.2859466, 0.85124236, 64, 1
293, 559, 9057, starve, 131, 2090.0, 7999.8706, 25.12632, 4.8848867, 16296.821, 14.934169, 0.10769337, 2.2531843, 0.53328156, 63, 1
696, 509, 9059, starve, 362, 975.0, 8061.67, 24.753532, 4.9310913, 11667.832, 15.038904, 0.15420565, 2.3070488, 0.5473526, 62, 1
479, 554, 9059, starve, 300, 1200.0, 8001.4043, 24.724808, 4.995329, 11640.531, 14.953752, 0.10999783, 2.2655652, 0.83744264, 61, 1
315, 558, 9063, starve, 213, 1707.0, 7999.9, 24.576742, 4.916856, 2953.7349, 14.730565, 0.15333866, 0.74635845, 0.83744764, 60, 1
528, 502, 9064, starve, 310, 1135.0, 7876.155, 25.20213, 4.835274, 19591.268, 14.887656, 0.10733793, 2.2825086, 0.5438177, 59, 1
301, 544, 9064, starve, 131, 1930.0, 7807.847, 25.026728, 4.9690003, 2565.333, 14.865173, 0.108338445, 2.2804568, 0.5470572, 58, 1
506, 595, 9069, starve, 343, 1175.0, 7884.9277, 24.714994, 4.8790526, 10018.097, 323.33514, 0.10725357, 2.2512677, 0.5349796, 57, 1
402, 562, 9073, starve, 330, 1344.0, 8056.116, 24.263075, 4.917507, 2105.9348, 14.76697, 0.10826517, 2.256879, 0.5371615, 56, 1
650, 548, 9076, starve, 532, 1025.0, 7852.655, 24.596615, 4.951975, 6451.1846, 15.035293, 0.15028428, 2.2466264, 0.53748107, 55, 1
622, 506, 9092, starve, 457, 1065.0, 7832.7153, 25.126965, 4.9114985, 3871.4568, 14.743834, 0.106755905, 2.268251, 0.5289228, 54, 1
566, 528, 9097, starve, 377, 1135.0, 7906.1665, 24.025156, 4.885621, 18595.045, 14.763129, 0.1082429, 2.2981884, 0.5464275, 53, 1
530, 574, 9097, starve, 374, 1165.0, 8188.284, 24.695343, 4.843126, 6190.532, 15.078533, 0.1084699, 2.2983234, 0.5395828, 52, 1
648, 564, 9101, starve, 428, 1050.0, 7859.2554, 24.297377, 4.8608155, 15232.262, 15.18601, 0.15133452, 2.2153754, 0.54498345, 51, 1
437, 533, 9103, starve, 386, 1302.0, 7799.7583, 24.46679, 4.947072, 14716.062, 14.684106, 0.10788268, 2.2507954, 0.5365147, 50, 1
703, 577, 9110, starve, 290, 1020.0, 8023.144, 24.431673, 4.9092603, 14000.552, 14.814006, 0.108937085, 2.296374, 0.5369491, 49, 1
438, 535, 9112, starve, 304, 1310.0, 7752.1177, 24.279263, 4.9206114, 10539.172, 14.728018, 0.10992138, 2.3214343, 0.5443534, 48, 1
601, 612, 9116, starve, 358, 1120.0, 7873.7993, 24.844072, 4.9009924, 6761.657, 322.02505, 0.10741231, 2.233214, 0.52696335, 47, 1
485, 516, 9118, starve, 348, 1255.0, 7933.4395, 24.908354, 4.866793, 16993.918, 14.948209, 0.10595605, 2.286351, 0.5389637, 46, 1
512, 541, 9126, starve, 131, 1230.0, 7828.16, 25.010025, 4.9585814, 14594.352, 14.945018, 0.10971255, 2.2506902, 0.5349111, 45, 1
679, 532, 9134, starve, 417, 1065.0, 8005.2593, 24.530754, 4.916731, 11928.376, 14.967879, 0.109698, 2.2480578, 0.851768, 44, 1
342, 589, 9135, starve, 44, 1589.0, 8019.544, 25.046078, 4.938922, 15744.24, 322.40582, 0.108791456, 2.277335, 0.53296626, 43, 1
641, 500, 9137, starve, 353, 1095.0, 7840.783, 25.50597, 4.9475894, 9111.598, 15.105466, 0.1567615, 2.2439647, 0.5387711, 42, 1
568, 533, 9137, starve, 377, 1175.0, 7813.3657, 23.961784, 4.8367553, 8143.103, 14.666292, 0.10782924, 2.3166504, 0.54573774, 41, 1
291, 563, 9137, starve, 44, 2754.0, 7918.9717, 24.723824, 4.91094, 14208.041, 320.79062, 0.10810496, 2.2841978, 0.53865165, 40, 1
335, 589, 9145, starve, 68, 1652.0, 8003.003, 24.702663, 4.922566, 9201.397, 322.63525, 0.1084751, 2.2318957, 0.5337094, 39, 1
549, 522, 9147, starve, 433, 1200.0, 7839.2246, 25.417044, 4.825705, 13530.521, 322.6166, 0.1083263, 2.2750266, 0.85185784, 38, 1
334, 581, 9148, starve, 68, 1655.0, 8006.736, 24.711958, 4.876061, 19123.719, 319.89667, 0.10880502, 2.2507133, 0.5297211, 37, 1
529, 510, 9154, starve, 310, 1225.0, 8102.7236, 25.130148, 4.892524, 10257.393, 15.1174965, 0.10810434, 2.298446, 0.5428029, 36, 1
619, 548, 9170, starve, 484, 1145.0, 7929.262, 24.873793, 4.873708, 19504.79, 15.152891, 0.10628215, 2.2816405, 0.85884815, 35, 1
321, 574, 9173, starve, 44, 1772.0, 7998.5483, 24.664217, 4.8663154, 9507.705, 322.35422, 0.10941963, 2.2803242, 0.5386299, 34, 1
371, 521, 9181, starve, 308, 1547.0, 7806.071, 24.983337, 4.965255, 3259.1023, 15.026568, 0.107735544, 2.262144, 0.54709935, 33, 1
659, 533, 9186, starve, 410, 1125.0, 7925.4707, 24.905506, 4.938407, 10759.442, 14.951963, 0.106704764, 2.2791321, 0.5435599, 32, 1
761, 608, 9188, starve, 462, 1015.0, 7793.444, 24.93784, 4.841567, 9147.461, 14.903383, 0.10826865, 2.297301, 0.5420269, 31, 1
399, 532, 9197, starve, 323, 1481.0, 8014.581, 24.849077, 4.973143, 18941.81, 14.885683, 0.10580168, 2.275586, 0.8308132, 30, 1
406, 531, 9207, starve, 329, 1472.0, 8074.3345, 25.025429, 4.9280357, 17183.344, 14.863268, 0.10757645, 2.3287868, 0.5448886, 29, 1
347, 543, 9210, starve, 317, 1655.0, 7808.268, 24.95026, 4.9264836, 6281.092, 320.30045, 0.106328346, 2.267692, 0.52351266, 28, 1
558, 503, 9215, starve, 434, 1265.0, 7918.323, 25.249949, 4.8750176, 11811.086, 15.156285, 0.109996825, 2.2744708, 0.54020035, 27, 1
429, 540, 9233, starve, 341, 1443.0, 7988.1504, 24.722233, 4.884771, 14323.707, 15.038481, 0.1536545, 2.235281, 0.5403945, 26, 1
524, 533, 9252, starve, 417, 1330.0, 8066.372, 24.779346, 4.8609495, 19390.69, 14.966555, 0.15561341, 2.2821167, 0.53502965, 25, 1
341, 533, 9254, starve, 288, 1729.0, 7791.0474, 24.546907, 4.9154315, 8368.948, 14.858163, 0.15200067, 2.2379227, 0.5384137, 24, 1
678, 534, 9274, starve, 417, 1205.0, 8006.471, 24.1893, 4.9464126, 14194.32, 14.961103, 0.10876498, 0.74598175, 0.5336806, 23, 1
579, 565, 9280, starve, 328, 1310.0, 7781.1177, 25.314121, 4.897401, 14732.205, 14.723085, 0.10882202, 2.2823203, 0.5505863, 22, 1
598, 589, 9286, starve, 35